batter,ERA_range,pitch_type_CH,pitch_type_CU,pitch_type_EP,pitch_type_FC,pitch_type_FF,pitch_type_FS,pitch_type_FT,pitch_type_IN,pitch_type_KC,pitch_type_KN,pitch_type_PO,pitch_type_RB,pitch_type_SC,pitch_type_SI,pitch_type_SL,pitch_type_UN,pitch_type_Unknown,velocity_Slow,velocity_Medium,velocity_Fast,velocity_Very Fast,ERA_Excellent,ERA_Good,ERA_Average,ERA_Poor,ERA_Very Poor
abbotco01,1,0,0,0,0,0,0,0,1,0,0,0,0,0,0,0,0,0,0,1,0,0,0,1,0,0,0
abramcj01,212,19,70,6,19,0,0,0,35,0,4,0,26,25,3,0,0,32,89,80,31,2,31,23,13,40,105
abreujo02,485,39,139,4,25,0,1,1,97,0,18,0,25,103,10,0,4,44,213,166,68,5,40,52,24,102,267
abreuwi02,26,1,6,0,0,0,0,1,7,0,1,0,4,0,1,0,1,8,9,11,5,0,3,2,1,4,16
acunaro01,432,33,115,6,26,0,2,1,103,0,12,0,14,89,9,0,1,40,188,137,79,2,41,31,23,77,260
adamewi01,401,28,132,4,21,0,0,0,93,0,9,0,27,69,4,0,0,44,162,168,52,1,34,34,30,81,222
adamsjo03,9,2,3,0,1,0,0,0,0,0,0,0,2,2,0,0,0,1,4,3,1,0,1,1,0,4,3
adamsma01,9,1,6,0,0,0,0,0,0,0,0,0,4,0,1,0,0,1,3,4,2,0,2,2,2,1,2
adamsri03,96,3,32,0,8,0,0,0,29,0,0,0,2,13,1,0,0,10,32,41,18,0,10,5,10,20,51
adelljo01,109,4,37,1,11,0,0,0,25,0,4,0,18,18,2,0,0,7,40,46,13,1,12,9,7,21,60
adriaeh01,66,6,23,1,2,0,0,2,12,0,0,0,16,9,2,0,0,9,30,22,9,2,10,7,4,12,33
aguilje01,263,17,84,1,11,0,0,0,61,0,3,0,5,54,4,0,0,29,111,98,45,2,22,19,22,53,147
aguilry01,4,0,1,0,0,0,1,0,1,0,0,0,2,1,0,0,0,0,1,2,0,0,0,0,0,3,1
ahmedni01,159,8,55,1,10,0,0,0,32,0,6,0,4,31,5,0,0,13,75,59,16,1,20,22,13,36,68
akiyash01,33,1,15,1,4,0,0,0,1,0,2,0,4,4,1,0,0,4,12,11,4,0,5,4,4,5,15
alberha01,125,10,43,0,10,0,0,1,24,0,1,0,17,22,0,0,0,14,60,44,11,0,14,14,8,36,53
albieoz01,420,28,139,7,24,0,0,3,47,1,3,0,31,73,19,0,2,75,198,122,67,1,53,37,35,96,199
alcansa01,2,0,1,0,0,0,0,0,1,0,0,0,0,0,0,0,0,0,1,1,0,0,0,1,0,0,1
alcanse01,94,4,35,1,6,0,1,1,15,0,2,0,1,13,1,0,1,14,37,32,15,1,14,7,11,24,38
alexabl01,4,0,4,0,1,0,0,0,0,0,0,0,6,1,0,0,0,0,1,2,1,0,1,0,1,0,2
alfarjo01,146,10,33,2,12,0,1,0,31,0,4,0,15,38,3,0,0,13,75,41,16,0,14,15,7,31,79
alforan01,34,1,11,0,2,0,0,0,12,0,0,0,3,6,0,0,0,2,15,15,3,0,8,2,4,5,15
allenau01,6,1,3,0,0,0,0,0,0,0,0,0,7,1,0,0,0,1,2,1,1,0,2,1,0,0,3
allengr01,48,14,18,0,1,0,0,0,7,0,0,0,2,2,0,0,0,6,19,17,11,0,11,5,6,11,15
allenni02,132,10,45,0,11,0,0,0,32,0,5,0,16,20,3,1,0,7,55,53,17,1,22,28,14,23,45
almonab01,43,4,17,1,0,0,0,0,11,0,0,0,1,4,0,0,0,6,10,20,10,1,7,3,5,13,15
almoral01,58,6,17,1,1,0,0,1,17,0,0,0,5,9,1,0,0,6,22,25,8,0,10,6,8,9,25
alonspe01,465,31,119,4,23,0,1,1,138,0,17,0,4,75,14,0,1,42,175,168,91,1,29,38,34,74,290
altuvjo01,484,28,163,3,27,0,0,2,92,0,19,0,17,89,10,0,0,51,194,172,84,1,77,59,41,91,216
aluja01,36,4,11,0,1,0,0,0,7,0,0,0,1,6,1,0,0,6,17,7,11,0,6,2,0,11,17
alvared01,22,0,8,0,1,0,0,0,5,0,0,0,10,3,1,0,0,4,9,8,4,0,1,2,3,6,10
alvarfr01,91,5,27,3,7,0,1,0,18,1,3,0,0,20,0,0,0,6,38,32,13,0,9,10,5,11,56
alvaryo01,469,36,150,10,35,0,2,2,74,0,19,0,7,77,7,2,0,55,195,155,66,5,41,32,25,71,300
alzolad01,2,0,2,0,0,0,0,0,0,0,0,0,0,0,0,0,0,0,0,2,0,0,1,0,0,1,0
amayaja01,2,0,1,0,0,0,0,1,0,0,0,0,1,0,0,0,0,0,1,0,0,0,0,0,0,1,1
amayami01,30,4,10,0,0,0,0,1,4,0,2,0,6,5,0,0,0,4,14,9,4,0,2,0,3,7,18
anderbr04,0,0,0,0,0,0,0,0,0,0,0,0,1,0,0,0,0,0,0,0,0,0,0,0,0,0,0
anderbr06,210,20,66,1,14,0,0,0,39,0,9,0,9,39,5,0,1,16,92,77,27,0,24,19,13,45,109
anderia01,2,0,2,0,0,0,0,0,0,0,0,0,0,0,0,0,0,0,0,2,0,0,0,1,0,1,0
anderti01,394,25,105,5,25,0,1,0,96,0,16,0,35,80,9,0,1,34,167,151,42,1,50,39,37,74,194
anderty01,4,1,1,0,1,0,0,0,0,0,0,0,0,0,1,0,0,0,2,1,0,0,1,0,0,0,3
andrejo03,2,0,0,0,0,0,0,0,0,0,0,0,1,1,0,0,0,1,2,0,0,0,0,0,0,1,1
andruel01,348,22,112,4,17,0,0,2,64,0,21,0,19,71,4,0,1,30,151,131,36,2,38,43,32,75,160
andujmi01,101,12,32,0,7,0,0,1,13,0,4,0,4,18,1,0,0,13,50,26,16,0,10,11,6,18,56
apostsh01,0,0,0,0,0,0,0,0,0,0,0,0,1,0,0,0,0,0,0,0,0,0,0,0,0,0,0
aquinar01,85,2,32,0,7,0,0,0,23,0,1,0,12,10,2,0,0,8,25,39,13,1,10,8,6,12,49
arandjo01,38,2,7,2,4,0,0,0,5,0,1,0,3,7,2,0,1,7,22,9,4,0,5,7,7,5,14
arauzjo01,28,1,10,1,1,0,0,0,3,0,1,0,10,6,0,0,0,5,15,7,5,0,3,3,2,9,11
arciafr01,0,0,0,0,0,0,0,0,0,0,0,0,1,0,0,0,0,0,0,0,0,0,0,0,0,0,0
arciaor01,213,17,59,3,15,0,0,0,48,0,9,0,20,40,7,0,0,16,91,69,36,0,23,28,13,53,96
arenano01,479,32,132,9,35,0,0,0,86,0,17,0,4,110,11,0,3,47,233,140,73,2,38,47,41,98,255
ariasga01,84,13,17,1,7,0,1,0,17,0,6,0,16,15,1,0,1,5,47,19,14,0,9,8,5,15,47
arozara01,458,43,125,7,28,0,0,2,89,0,23,0,14,75,12,0,2,55,194,163,57,3,71,54,38,76,219
arraelu01,523,49,209,12,28,0,0,1,87,1,2,0,12,65,6,0,0,64,218,198,91,0,49,40,49,137,248
arrieja01,3,0,3,0,0,0,0,0,0,0,0,0,0,0,0,0,0,0,0,2,1,0,0,1,0,1,1
arroych01,181,15,51,2,9,0,1,2,32,0,7,0,21,33,2,0,0,27,86,57,23,0,24,20,12,44,81
astudwi01,69,3,17,2,5,0,0,0,14,0,2,0,6,15,1,0,0,11,33,21,9,0,3,7,5,19,35
aveliab01,0,0,0,0,0,0,0,0,0,0,0,0,2,0,0,0,0,0,0,0,0,0,0,0,0,0,0
avilaal01,17,1,9,0,0,0,0,0,4,0,0,0,3,2,0,0,0,1,4,11,2,0,0,1,2,8,6
azocajo01,77,5,12,2,7,0,1,1,14,0,0,0,12,15,5,0,0,15,44,20,2,0,11,7,8,16,35
baddoak01,234,15,95,9,16,0,0,0,26,0,6,0,3,27,3,0,1,38,110,85,28,1,37,31,19,41,106
baderha01,269,18,70,2,13,0,2,0,66,0,11,0,3,54,7,0,1,25,113,89,44,0,37,27,20,59,126
baeji01,95,11,36,1,5,0,0,1,14,0,4,0,2,13,0,0,0,10,38,35,10,2,20,18,9,13,35
baezja01,392,32,86,6,30,0,0,0,56,0,11,0,3,117,10,0,2,45,225,102,38,0,53,35,25,63,216
bailepa01,80,6,28,2,6,0,1,0,10,0,1,0,5,9,4,0,0,13,35,22,16,0,6,7,2,12,53
bakerlu01,24,3,6,0,2,0,0,0,5,0,4,0,3,0,0,0,0,4,9,7,4,0,1,2,4,2,15
bandyje01,0,0,0,0,0,0,0,0,0,0,0,0,1,0,0,0,0,0,0,0,0,0,0,0,0,0,0
bannory01,6,0,2,0,0,0,0,0,0,0,0,0,7,2,0,0,0,2,4,1,1,0,1,0,0,2,3
bardda01,1,0,1,0,0,0,0,0,0,0,0,0,0,0,0,0,0,0,1,0,0,0,0,0,0,0,1
barneau01,122,8,41,2,2,0,0,0,31,0,3,0,5,18,5,0,1,11,44,56,15,0,11,16,11,26,58
barnhtu01,174,15,63,4,14,0,0,2,26,0,3,0,7,16,3,0,0,29,62,71,24,0,23,16,14,53,68
barrefr02,2,0,1,0,0,0,0,0,1,0,0,0,1,0,0,0,0,0,0,1,1,0,1,0,0,0,1
barrelu01,20,0,6,1,2,0,0,0,7,0,1,0,0,1,0,0,0,2,7,9,3,0,2,3,4,5,6
barretr01,34,0,13,0,1,0,0,0,11,0,0,0,2,5,1,0,0,3,14,15,3,0,3,3,2,7,19
bartjo01,77,8,27,2,1,0,0,1,20,0,6,0,17,7,0,0,2,3,30,32,13,0,14,2,8,15,38
basablu01,1,0,0,0,0,0,0,0,0,0,0,0,3,0,0,0,0,1,1,0,0,0,0,0,0,1,0
basabos01,22,1,7,0,1,0,1,0,2,0,3,0,1,4,0,0,0,3,9,6,3,0,4,2,5,5,6
battema01,34,0,8,0,2,0,0,0,8,0,2,0,1,6,1,0,0,7,17,9,5,0,6,6,2,5,15
batybr01,91,8,33,5,6,0,0,0,17,0,4,0,2,12,0,0,0,6,39,28,19,1,5,5,8,18,55
bauerja01,113,12,46,1,9,0,0,0,16,0,1,0,18,14,1,0,0,16,41,45,21,0,11,10,8,22,62
bauertr01,1,0,1,0,0,0,0,0,0,0,0,0,0,0,0,0,0,0,0,1,0,0,0,0,0,0,1
beatyma01,76,2,25,3,4,0,0,1,10,0,0,0,11,14,1,0,0,16,39,21,13,0,15,11,3,11,36
beckhti01,4,0,2,0,0,0,0,0,2,0,0,0,2,0,0,0,0,0,1,3,0,0,0,0,1,1,2
beerse01,34,2,14,0,3,0,0,0,5,0,0,0,4,7,1,0,0,2,11,16,5,0,3,3,4,8,16
bellico01,332,24,119,6,18,0,0,2,62,0,4,0,11,47,4,0,3,46,125,127,57,2,37,28,28,82,157
belljo02,438,34,165,11,25,0,0,0,55,0,12,0,17,39,16,0,0,81,175,170,63,1,40,36,37,86,239
beltbr01,233,19,83,2,20,0,0,0,39,0,2,0,1,30,4,0,0,34,95,86,36,0,26,21,19,40,127
bemboan01,17,1,5,2,1,0,0,0,4,0,1,0,5,0,0,0,0,3,7,7,2,0,4,3,5,0,5
beninan01,425,33,144,15,34,0,0,1,57,0,16,0,20,47,7,0,1,70,193,141,56,0,54,35,41,90,205
bensowi01,99,7,34,6,8,0,0,0,12,0,3,1,6,17,3,0,0,8,43,27,16,3,12,6,7,21,53
bernawy01,14,0,3,1,1,0,0,0,4,0,0,0,1,3,0,0,0,2,10,2,2,0,4,3,2,2,3
bertijo01,261,27,76,3,21,0,0,1,62,1,6,0,8,49,5,0,0,10,108,97,32,1,46,27,18,45,125
bethach01,160,13,41,1,11,0,0,1,27,0,8,0,9,41,2,0,0,15,80,38,22,0,19,21,9,36,75
bettsmo01,495,37,151,8,21,0,0,1,117,0,7,0,5,95,12,0,2,45,201,179,89,3,32,48,41,106,268
bichebo01,594,53,155,4,41,0,2,0,122,0,23,0,0,112,12,0,2,69,274,186,89,4,50,50,41,146,307
bickfph01,1,0,1,0,0,0,0,0,0,0,0,0,0,0,0,0,0,0,0,0,1,0,1,0,0,0,0
biggica01,197,10,81,4,14,0,1,2,44,0,4,0,0,19,6,0,0,12,64,91,27,0,23,13,23,46,92
birdgr01,6,0,3,0,0,0,0,0,1,0,0,0,7,0,0,0,0,3,2,2,2,0,1,0,0,1,4
bishobr01,4,0,1,0,0,0,0,0,0,0,1,0,3,2,0,0,0,0,3,1,0,0,2,0,0,1,1
blackch02,405,24,144,9,25,0,0,0,66,0,5,0,8,63,10,0,2,57,170,146,53,1,41,38,31,79,216
blancda02,35,2,8,0,4,0,0,0,7,0,5,0,7,6,0,0,0,3,16,10,6,0,5,7,3,3,17
blandal01,17,1,3,0,1,0,0,0,5,0,0,0,11,7,0,0,0,1,10,5,2,0,1,2,2,2,10
blanktr01,9,2,4,0,1,0,0,0,1,0,0,0,0,1,0,0,0,0,3,4,2,0,0,1,0,1,7
bledajj01,91,11,37,1,7,0,0,0,11,0,0,0,8,8,2,0,1,14,35,43,9,1,5,8,9,21,48
bogaexa01,518,44,146,5,25,0,0,1,116,0,14,0,13,102,7,0,3,57,233,175,76,0,61,70,38,96,253
bohmal01,461,26,143,9,32,0,2,0,100,0,9,0,2,83,11,0,1,45,191,169,72,0,33,33,41,105,249
boltsk01,26,1,10,0,3,0,0,0,4,0,0,0,8,3,0,0,0,5,9,12,2,0,4,4,0,5,13
bonifjo01,1,0,0,0,0,0,0,0,1,0,0,0,0,0,0,0,0,0,0,1,0,0,0,1,0,0,0
boteda01,88,8,29,1,3,0,0,1,17,0,1,0,12,19,2,0,0,7,35,28,16,0,6,12,6,20,44
bouchse01,35,4,10,1,2,0,0,0,8,0,0,0,2,2,1,0,0,7,15,14,3,0,2,7,1,13,12
boydma01,1,0,1,0,0,0,0,0,0,0,0,0,0,0,0,0,0,0,0,0,1,0,0,0,0,0,1
bradlbo01,55,2,20,0,1,0,0,0,11,0,0,0,9,10,2,0,0,9,23,19,12,0,7,3,2,13,30
bradlja02,148,12,63,2,10,0,0,0,16,0,4,0,17,20,4,0,0,18,67,56,19,0,15,13,15,40,65
brantmi02,262,22,91,3,22,0,0,0,51,0,1,0,10,27,1,1,1,42,93,105,38,2,21,17,26,70,128
brantro01,11,1,5,0,0,0,0,0,2,0,1,0,2,1,0,0,0,1,4,3,4,0,2,3,1,1,4
braulst01,1,0,1,0,0,0,0,0,0,0,0,0,0,0,0,0,0,0,1,0,0,0,0,0,1,0,0
bregmal01,450,35,163,11,18,0,1,2,102,0,12,0,18,66,7,0,1,32,160,178,81,5,48,32,30,135,205
brennwi02,140,13,39,5,11,0,1,0,17,0,4,0,10,24,2,0,0,24,71,39,17,0,13,14,9,31,73
bricejo01,1,0,0,0,0,0,0,0,0,0,0,0,2,1,0,0,0,0,1,0,0,0,0,0,0,0,1
bridejo01,50,5,15,0,1,0,0,0,11,0,1,0,2,10,1,0,0,6,19,22,5,0,6,8,4,10,22
brinsle01,74,4,26,0,4,0,0,0,11,0,1,0,5,17,2,0,0,10,38,23,8,0,10,4,3,16,41
britoso01,1,0,1,0,0,0,0,0,0,0,0,0,0,0,0,0,0,0,0,1,0,0,0,0,0,0,1
brossmi01,83,9,26,0,8,0,0,0,11,0,0,0,14,16,1,0,0,12,36,33,5,0,11,8,7,22,35
brownse01,254,18,96,8,14,0,0,0,36,0,9,0,15,25,9,0,2,37,102,99,36,0,18,12,17,53,154
broxtke01,1,0,0,0,0,0,0,0,0,0,0,0,0,0,0,0,0,1,1,0,0,0,0,0,0,0,1
brubajt01,3,1,2,0,0,0,0,0,0,0,0,0,0,0,0,0,0,0,1,2,0,0,0,0,1,2,0
bruceja01,5,1,1,0,0,0,0,0,2,0,0,0,0,0,0,0,0,1,2,1,2,0,1,0,1,1,2
brujavi01,43,3,17,0,2,0,0,0,4,0,3,0,3,7,0,0,0,7,18,15,6,0,6,5,5,14,13
bryankr01,273,18,102,1,20,0,0,0,52,0,7,0,8,46,3,0,4,20,115,94,46,2,23,22,22,57,149
buehlwa01,7,0,6,0,0,0,0,0,1,0,0,0,0,0,0,0,0,0,0,7,0,0,0,1,1,4,1
bumgama01,4,0,2,0,0,0,0,0,1,0,1,0,0,0,0,0,0,0,1,1,2,0,1,0,0,0,3
bundydy01,1,0,1,0,0,0,0,0,0,0,0,0,0,0,0,0,0,0,0,1,0,0,1,0,0,0,0
burdipe01,25,3,6,1,2,0,0,0,7,0,1,0,0,2,1,0,0,3,10,11,1,1,2,3,2,3,15
burgeja01,188,18,43,1,14,0,1,0,41,0,9,0,13,41,3,0,2,16,93,62,19,0,17,10,14,36,111
burleal01,102,12,33,3,10,0,0,1,18,0,0,0,6,14,0,0,0,13,37,42,13,1,8,14,3,20,57
burneco01,8,2,2,0,1,0,0,0,1,0,0,0,0,2,0,0,0,0,4,2,1,0,1,2,0,1,4
burnsan01,4,0,0,1,1,0,0,0,1,0,0,0,3,0,0,0,0,1,3,1,0,0,1,0,0,1,2
buschmi02,13,1,3,1,2,0,0,0,1,0,1,0,11,2,0,0,0,3,5,3,2,0,2,2,2,1,6
buterdr01,3,0,2,0,0,0,0,0,1,0,0,0,1,0,0,0,0,0,0,3,0,0,0,0,0,0,3
butlela01,32,2,8,0,3,0,0,0,7,0,2,0,2,5,0,0,1,4,15,10,3,0,2,2,4,4,20
buxtoby01,228,23,71,2,16,0,0,0,44,0,5,0,10,49,2,0,1,15,100,81,25,1,20,16,15,29,148
cabaljo01,59,1,21,1,5,0,0,0,14,0,2,0,6,10,0,0,0,5,21,22,13,0,8,9,3,9,30
cabbatr01,12,0,4,0,0,0,0,0,2,0,0,0,5,2,0,0,0,4,6,4,2,0,3,3,0,3,3
cabreas01,83,2,27,3,4,0,0,0,12,0,0,0,0,11,2,0,1,21,34,32,10,0,8,12,8,13,42
cabreed02,1,0,1,0,0,0,0,0,0,0,0,0,0,0,0,0,0,0,0,1,0,0,0,0,0,0,1
cabremi01,325,22,120,2,12,1,0,0,61,0,11,0,0,57,3,0,1,35,131,132,41,1,28,30,27,86,154
cabreos01,122,11,41,3,8,0,0,0,13,0,5,0,5,15,1,0,1,24,58,44,14,0,21,12,11,25,53
cahiltr01,1,0,0,0,0,0,0,0,1,0,0,0,0,0,0,0,0,0,1,0,0,0,0,1,0,0,0
cainlo01,95,5,43,0,6,0,0,0,19,0,0,0,7,15,3,0,0,5,35,38,16,1,19,15,9,17,35
calhoko01,150,19,42,5,10,0,0,0,31,0,3,0,6,17,3,0,0,20,63,54,22,0,15,6,12,42,75
calhowi01,110,9,46,5,10,0,0,0,18,0,3,0,13,8,0,0,1,10,27,44,27,0,8,9,8,31,54
callal02,106,10,35,0,4,0,0,0,28,0,4,0,10,13,3,0,0,9,43,46,12,1,12,13,10,25,46
camarda01,1,0,1,0,0,0,0,0,0,0,0,0,0,0,0,0,0,0,0,0,1,0,0,0,0,0,1
camarjo01,49,3,13,1,1,0,0,0,4,0,1,0,4,6,2,0,0,18,29,14,6,0,6,8,5,6,24
camerda01,44,5,13,0,1,0,0,0,7,0,1,0,2,9,1,0,0,7,25,8,6,0,4,5,3,12,20
caminju01,8,0,1,0,2,0,0,0,4,0,0,0,0,1,0,0,0,0,2,3,1,1,1,2,0,0,5
campber01,3,0,3,0,0,0,0,0,0,0,0,0,0,0,0,0,0,0,1,0,2,0,0,1,0,1,1
campulu01,77,1,22,0,7,0,0,0,13,0,4,0,15,21,1,0,0,8,35,23,12,0,6,3,9,19,40
canaral01,6,2,1,0,0,0,0,0,1,0,0,0,4,2,1,0,0,0,4,2,0,0,0,1,1,1,3
candeje01,386,28,145,10,16,0,1,0,57,0,5,0,16,45,5,1,1,73,161,143,56,0,38,33,34,72,209
canhama01,376,24,115,4,23,0,2,0,105,0,10,0,7,60,4,0,2,29,141,149,59,1,37,47,30,89,173
canoro01,23,2,9,0,2,0,0,0,3,0,1,0,1,3,0,0,0,3,8,9,3,0,2,4,1,5,11
canzodo01,45,4,21,1,0,0,0,0,3,0,1,0,7,6,0,0,0,9,18,19,7,0,3,2,2,15,23
capelco01,36,7,17,0,2,0,0,0,1,0,1,0,6,6,0,0,0,2,15,14,5,0,2,2,4,3,25
capravi01,4,0,1,0,0,0,0,0,1,0,1,0,3,1,0,0,0,0,2,1,0,0,0,1,0,2,1
caratvi01,180,20,62,3,9,0,0,1,34,0,1,0,12,24,3,0,0,23,79,68,25,0,10,12,13,51,94
carlsdy01,316,30,122,6,21,0,0,3,50,0,3,0,7,30,8,0,1,43,126,112,54,1,46,24,27,55,164
carpeke01,160,28,46,4,11,0,0,1,15,0,4,0,2,18,5,0,0,28,79,55,18,0,13,11,12,36,88
carpema01,110,10,42,2,5,0,0,1,20,0,3,0,15,9,2,0,0,17,45,35,21,2,12,8,6,28,56
carroco02,221,11,58,9,20,0,0,1,38,0,5,1,7,47,4,0,1,26,110,67,30,0,34,25,12,40,110
carteev01,38,2,18,0,2,0,0,0,4,0,1,0,2,3,1,0,0,7,14,14,8,0,3,3,3,11,18
casalcu01,89,9,28,0,5,0,0,1,25,0,0,0,9,13,1,0,0,7,33,37,12,0,9,5,10,21,44
casastr01,133,10,51,3,7,0,1,1,18,0,3,0,11,16,1,0,0,22,56,42,30,1,18,12,5,18,80
castehu01,3,0,0,0,0,0,0,0,1,0,0,0,0,1,0,0,0,1,2,1,0,0,1,0,0,1,1
casteni01,517,34,145,4,31,0,0,0,106,0,15,0,10,119,7,0,2,54,247,148,85,2,51,32,40,104,290
castidi02,63,3,19,0,3,0,0,0,17,0,5,0,5,8,0,0,0,8,29,20,8,0,2,7,4,15,35
castier01,2,0,0,0,1,0,0,0,0,0,0,0,0,1,0,0,0,0,1,0,0,0,1,1,0,0,0
castiiv01,1,0,0,0,1,0,0,0,0,0,0,0,6,0,0,0,0,0,0,0,0,0,0,0,0,1,0
castilu02,7,0,4,0,0,0,0,0,3,0,0,0,0,0,1,0,0,0,3,5,0,0,2,0,1,1,3
castrha01,282,20,101,2,18,0,0,2,30,0,12,0,7,41,7,0,1,48,120,98,40,1,24,23,22,75,138
castrja01,47,4,16,1,2,0,0,1,9,0,1,0,4,5,1,0,0,7,18,19,8,0,3,0,4,9,31
castrro01,130,8,49,1,8,0,0,1,33,0,4,0,3,6,2,0,1,18,39,56,21,3,18,20,5,24,63
castrst01,88,3,29,2,9,0,0,0,21,0,0,0,4,15,0,0,0,10,36,25,18,1,8,8,12,20,40
castrwi01,289,22,100,5,20,0,0,1,26,0,5,0,4,39,9,0,1,63,140,90,36,0,25,34,22,62,146
caveja01,129,5,62,0,8,0,0,1,17,0,4,0,9,12,2,0,1,17,45,56,19,1,22,12,9,27,59
ceasedy01,3,0,2,0,0,0,0,0,1,0,0,0,0,0,0,0,0,0,1,2,0,0,1,1,0,1,0
celesgi01,86,5,32,1,6,0,2,1,17,0,0,0,1,14,2,1,0,5,35,31,11,0,17,12,10,16,31
centeju01,2,0,2,0,0,0,0,0,0,0,0,0,1,0,0,0,0,0,0,2,0,0,0,0,0,0,2
changyu01,108,8,47,1,2,0,0,0,21,0,0,0,16,17,1,0,0,12,43,50,14,0,9,10,10,22,57
chapmma01,375,26,118,6,15,0,3,1,91,1,11,0,6,53,9,0,0,43,144,140,64,3,43,25,25,65,217
chavimi01,149,18,29,2,9,0,0,0,33,0,4,0,11,31,5,0,0,19,85,47,8,0,19,16,14,35,65
chiriro01,58,5,21,1,3,0,0,0,11,0,1,0,2,10,1,0,0,5,21,22,10,0,9,10,6,13,20
chishja01,279,24,96,5,25,0,0,0,50,0,7,0,6,33,3,0,0,37,118,100,46,2,38,29,24,42,146
choiji01,168,14,53,7,8,0,0,0,29,0,4,0,2,21,6,0,0,26,77,62,18,0,17,18,12,34,87
chourja01,6,1,1,0,0,0,0,0,2,0,1,0,4,2,0,0,0,2,3,2,0,0,2,0,1,2,1
ciuffni01,2,0,2,0,0,0,0,0,0,0,0,0,4,0,0,0,0,0,0,2,0,0,1,0,1,0,0
clarkta01,1,0,1,0,0,0,0,0,0,0,0,0,0,0,0,0,0,0,0,1,0,0,1,0,0,0,0
cleavga01,1,0,0,0,0,0,0,1,0,0,0,0,0,0,0,0,0,0,0,0,0,0,0,0,0,0,1
clemeer01,83,4,20,1,2,0,2,0,17,0,1,0,16,25,3,0,0,8,41,24,9,1,9,8,3,23,40
clemeko01,69,1,23,2,6,0,0,0,13,0,1,0,1,5,2,0,0,16,32,23,12,0,9,6,2,21,31
colasos01,53,5,18,3,3,0,0,1,5,0,0,0,5,10,1,0,0,7,23,18,7,1,3,9,4,16,21
colliza01,59,6,24,3,4,0,0,0,10,0,0,0,10,7,2,0,0,3,20,27,7,0,6,3,2,13,35
confomi01,203,22,68,4,9,0,0,1,32,0,5,0,8,30,2,0,0,30,80,80,29,0,20,15,13,41,114
contrma01,12,0,5,0,3,0,0,1,1,0,0,0,4,0,0,0,1,1,4,4,1,0,0,0,3,1,8
contrwi01,322,24,97,3,17,0,0,1,70,0,8,0,14,66,4,0,2,34,150,102,48,1,24,24,33,61,180
contrwi02,295,17,82,2,19,0,0,0,70,0,12,0,13,63,6,0,0,26,120,109,41,0,33,29,19,63,151
coopega03,293,18,112,2,16,2,0,1,59,0,3,0,4,50,9,0,1,21,100,120,49,3,18,16,16,85,158
corbipa01,7,0,5,0,0,0,0,0,0,0,0,0,0,0,0,0,1,1,2,4,0,0,1,1,3,0,2
cordefr02,96,13,39,1,8,0,0,0,8,0,1,0,18,9,2,0,0,15,36,36,13,1,9,9,7,19,52
cordoal01,0,0,0,0,0,0,0,0,0,0,0,0,2,0,0,0,0,0,0,0,0,0,0,0,0,0,0
correca01,464,44,163,3,24,0,0,1,77,0,13,0,10,87,15,1,1,37,175,183,70,2,31,35,35,102,261
cowseco01,11,0,5,1,0,0,0,0,0,0,1,0,5,2,1,0,0,1,6,3,1,0,1,1,1,0,8
cozendy01,0,0,0,0,0,0,0,0,0,0,0,0,2,0,0,0,0,0,0,0,0,0,0,0,0,0,0
craigwi01,16,1,7,0,3,0,0,0,1,0,0,0,2,2,0,0,0,2,6,6,2,0,3,3,1,3,6
crawfbr01,299,23,106,7,28,0,0,0,55,0,5,0,15,36,8,0,0,32,107,124,45,1,35,32,23,64,145
crawfjp01,444,20,194,9,32,1,0,0,68,0,7,0,14,58,7,0,0,50,161,183,70,0,38,46,44,93,223
croncj01,362,22,121,1,23,0,0,2,69,0,9,0,7,67,5,0,1,42,156,138,44,2,29,20,19,91,203
croneja01,419,41,152,10,18,0,1,1,69,0,4,0,15,55,14,0,4,52,169,154,68,3,47,41,39,75,217
crookna01,2,1,0,0,0,0,0,1,0,0,0,0,2,0,0,0,0,0,1,0,0,0,0,1,0,1,0
croplty01,1,0,1,0,0,0,0,0,0,0,0,0,0,0,0,0,0,0,0,1,0,0,0,0,0,0,1
crowape01,1,0,1,0,0,0,0,0,0,0,0,0,2,0,0,0,0,0,1,0,0,0,0,0,0,0,1
crowewi01,2,0,1,0,0,0,0,0,1,0,0,0,0,0,0,0,0,0,1,1,0,0,0,0,0,0,2
cruzne02,283,20,93,3,16,0,0,0,63,0,7,0,11,52,2,0,2,25,115,108,45,0,23,27,20,65,148
cruzon01,107,10,31,3,11,0,0,0,20,0,1,0,4,17,1,0,0,13,41,41,15,1,16,10,7,16,58
cuetojo01,2,0,1,0,1,0,0,0,0,0,0,0,0,0,0,0,0,0,0,1,0,0,0,0,2,0,0
culbech01,92,8,25,0,7,0,0,0,15,0,3,0,6,8,2,0,0,24,44,27,6,0,11,13,10,22,36
cuthbch01,0,0,0,0,0,0,0,0,0,0,0,0,2,0,0,0,0,0,0,0,0,0,0,0,0,0,0
dahlda01,50,4,15,3,2,0,0,0,7,0,0,0,18,5,2,0,0,12,22,18,7,0,1,7,4,10,28
dalbebo01,182,13,60,1,12,0,0,1,33,0,4,0,24,29,4,0,0,25,72,63,24,1,18,12,14,35,103
darnatr01,237,18,65,0,22,0,0,0,49,0,11,0,11,41,4,0,1,26,100,77,35,3,22,24,19,44,128
darviyu01,5,1,2,0,1,0,0,0,0,0,0,0,0,1,0,0,0,0,2,2,0,0,0,0,0,2,3
davidma02,6,1,2,0,0,0,0,0,0,0,2,0,6,0,0,0,0,1,3,2,0,0,0,0,1,0,5
davieza02,6,0,4,0,0,0,0,0,1,0,0,0,0,1,0,0,0,0,1,3,2,0,2,1,0,1,2
davisbr04,3,0,1,0,0,0,0,0,0,0,0,0,0,1,0,0,0,1,1,1,0,0,0,1,0,0,2
davishe01,55,3,15,0,5,0,0,0,14,0,4,0,0,7,1,0,0,6,22,21,8,0,5,8,4,18,20
davisja03,10,1,2,0,1,0,0,0,0,0,2,0,1,2,0,0,0,2,6,2,1,0,1,1,2,1,5
davisjd01,263,24,100,3,20,0,1,1,41,0,7,0,12,42,2,0,1,22,109,102,34,2,16,22,22,59,144
davisjo05,59,1,25,0,2,0,0,1,9,0,0,0,0,16,2,0,0,3,28,21,7,0,5,8,2,14,30
daviskh01,22,3,6,0,2,0,0,0,5,0,0,0,5,4,1,0,0,1,10,8,3,0,1,0,3,5,13
davista01,3,0,2,0,0,0,0,0,1,0,0,0,0,0,0,0,0,0,0,2,1,0,0,0,2,1,0
dawsoro01,1,0,1,0,0,0,0,0,0,0,0,0,5,0,0,0,0,0,0,0,1,0,0,0,0,1,0
dazayo01,229,18,84,1,4,0,0,1,49,0,3,0,19,38,7,0,5,20,84,88,40,0,22,32,22,52,101
deanau01,14,1,3,1,0,0,0,0,6,0,0,0,3,1,0,0,0,2,7,6,1,0,3,1,1,2,7
degotal01,6,1,2,0,1,0,0,0,0,0,0,0,4,1,0,0,0,1,4,2,0,0,1,2,1,0,2
degroja01,12,0,7,0,0,0,0,0,5,0,0,0,0,0,0,0,0,0,2,8,2,0,1,2,2,1,6
deichgr01,4,0,2,0,0,0,0,0,0,0,0,0,1,2,0,0,0,0,2,1,1,0,0,0,0,1,3
dejonch01,1,0,1,0,0,0,0,0,0,0,0,0,0,0,0,0,0,0,1,0,0,0,0,0,0,0,1
dejonpa01,195,15,63,0,6,0,0,0,55,0,4,0,9,31,3,0,1,17,78,67,40,0,16,12,11,42,114
delacbr01,306,18,88,3,31,0,1,1,72,0,9,0,6,56,5,0,1,21,118,106,52,2,20,22,26,61,177
delacel01,94,12,21,4,10,0,0,0,9,0,2,0,5,18,2,0,0,16,54,21,11,0,12,9,7,15,51
delayja01,79,5,27,0,2,0,0,1,23,0,2,0,0,12,1,0,0,7,29,35,14,0,8,6,8,16,41
deleojo03,1,0,0,0,0,0,0,0,0,0,0,0,0,1,0,0,0,0,1,0,0,0,1,0,0,0,0
delmoni01,0,0,0,0,0,0,0,0,0,0,0,0,6,0,0,0,0,0,0,0,0,0,0,0,0,0,0
delucjo01,11,0,4,0,0,0,0,1,3,0,0,0,0,1,0,0,0,2,3,4,3,0,3,4,0,2,2
deluzbe01,3,0,0,0,1,0,0,0,0,0,0,0,1,2,0,0,0,0,2,0,0,0,0,0,0,0,3
demertr01,19,3,4,0,0,0,0,0,4,0,1,0,3,2,1,0,0,4,10,6,3,0,2,2,0,1,14
desclan01,2,0,0,0,0,0,0,0,2,0,0,0,0,0,0,0,0,0,1,1,0,0,0,0,0,1,1
deshide02,13,0,7,0,2,0,0,0,1,0,0,0,4,1,0,0,0,2,4,5,1,1,2,1,2,3,5
detwiro01,1,0,0,0,0,0,0,0,1,0,0,0,0,0,0,0,0,0,0,1,0,0,0,0,0,1,0
deverjo01,13,0,8,0,2,0,0,0,0,0,0,0,1,2,0,0,0,1,3,5,3,0,1,0,2,3,7
deverra01,504,33,176,14,40,0,0,0,85,0,9,0,33,65,9,0,1,73,204,170,94,1,45,35,36,86,302
diazal02,224,20,63,2,16,0,0,1,35,0,11,0,7,48,4,0,0,24,107,67,31,0,21,23,24,44,112
diazel01,305,29,74,1,18,0,0,0,65,1,8,0,8,70,3,0,2,35,163,92,33,0,24,34,24,77,146
diazis01,47,6,19,2,4,0,0,0,6,0,2,0,0,4,1,0,0,3,19,19,6,0,4,7,4,13,19
diazjo03,73,7,20,1,4,0,0,0,12,0,6,0,2,14,1,0,0,8,39,21,10,0,8,9,12,12,32
diazle01,52,3,21,4,3,1,0,0,10,0,0,0,5,7,0,0,0,3,18,23,8,0,6,7,3,14,22
diazya01,447,29,127,4,37,0,0,0,103,0,20,0,19,77,9,0,3,40,193,149,77,1,51,41,49,82,224
diazya02,112,10,29,4,6,0,0,2,19,0,5,0,9,22,0,0,0,15,50,31,19,0,4,9,11,25,63
diazyu01,1,0,1,0,1,0,0,0,0,0,0,0,10,0,0,0,0,0,1,0,0,0,0,0,1,0,0
dickeal01,74,5,26,3,4,0,0,0,13,0,1,0,7,11,2,0,0,9,36,21,15,0,6,4,2,20,42
dickeco01,209,14,59,8,18,0,1,1,31,0,6,0,6,30,3,0,3,37,93,74,24,1,30,17,17,44,101
dietrde01,2,0,1,0,0,0,0,0,0,0,0,0,1,0,0,0,0,1,2,0,0,0,0,0,0,1,1
difowi01,66,5,30,1,2,0,0,0,13,0,0,0,2,6,1,0,0,8,19,29,13,0,16,11,6,8,25
dixonbr01,19,2,5,0,2,0,0,0,4,0,0,0,4,4,1,0,0,1,8,5,3,0,1,0,0,3,15
dominja01,9,1,4,0,0,0,0,0,0,0,0,0,0,2,0,0,0,2,4,3,2,0,2,0,0,2,5
donaljo02,268,25,78,5,11,0,0,0,59,0,9,0,4,44,5,0,1,31,110,77,58,0,26,27,26,47,142
donovbr01,217,16,86,9,9,0,0,0,34,1,3,0,5,31,2,0,0,27,81,95,32,0,16,24,24,46,107
dorowry01,0,0,0,0,0,0,0,0,0,0,0,0,2,0,0,0,0,0,0,0,0,0,0,0,0,0,0
downsje01,10,1,3,0,0,0,0,0,0,0,0,0,4,5,0,0,0,1,7,2,1,0,1,2,1,2,4
doylebr02,93,9,24,0,3,0,0,0,23,0,5,0,5,15,3,0,0,11,38,34,13,0,12,15,7,16,43
doziehu01,233,15,79,1,4,0,0,1,43,0,7,0,26,50,5,0,0,29,107,75,35,1,28,18,20,39,128
drurybr01,306,23,92,5,12,0,0,1,75,0,8,0,14,53,7,0,2,30,123,121,48,0,28,27,26,76,149
dubonma01,238,15,73,2,19,0,0,2,44,0,9,0,16,49,2,0,0,25,108,87,28,0,27,18,30,52,111
duffyma01,190,18,67,1,8,0,1,1,37,0,5,0,18,31,1,0,2,18,80,66,29,1,23,23,17,43,84
duggast01,83,7,42,1,3,0,0,0,16,0,0,0,6,5,2,0,0,7,22,51,8,0,5,11,8,17,42
dunanjo01,6,0,3,0,0,0,0,0,0,0,0,0,3,0,0,0,0,3,3,0,3,0,1,2,0,2,1
dunnida01,1,0,1,0,0,0,0,0,0,0,0,0,0,0,0,0,0,0,0,1,0,0,1,0,0,0,0
dunnju01,1,0,0,0,0,0,0,0,0,0,0,0,0,1,0,0,0,0,1,0,0,0,0,1,0,0,0
duranez01,169,15,39,1,9,0,1,0,35,0,8,0,17,36,5,0,0,20,80,54,20,0,25,15,15,34,80
duranja01,171,17,54,8,15,0,0,1,27,1,5,0,25,14,4,0,2,23,73,52,29,0,14,25,13,41,78
duvalad01,278,22,81,0,21,0,0,1,59,0,17,0,21,55,2,0,3,18,121,93,38,2,28,14,16,54,166
dysonja01,29,0,14,2,1,1,0,0,3,0,1,0,2,3,1,0,0,3,11,9,6,0,5,5,4,3,12
eatonad02,53,4,17,5,4,0,0,0,10,0,1,0,9,4,0,0,0,8,24,18,6,0,7,8,5,13,20
eatonna01,33,3,8,0,2,0,1,1,8,0,1,0,9,5,1,0,0,3,15,8,5,0,3,4,4,7,15
edenca01,3,0,1,0,1,0,0,0,1,0,0,0,0,0,0,0,0,0,1,1,0,0,0,1,0,1,1
edmanto01,449,44,156,8,38,0,0,1,71,0,2,0,7,61,2,0,0,69,188,161,68,3,54,41,49,108,197
edwarxa01,24,1,9,0,2,0,0,0,5,0,1,0,2,2,1,0,0,4,10,11,2,0,4,4,1,6,9
eickhje01,2,0,2,0,0,0,0,0,0,0,0,0,0,0,0,0,0,0,0,2,0,0,1,1,0,0,0
ellisdr01,19,0,9,0,0,0,0,0,3,0,0,0,1,5,1,0,0,1,8,6,3,0,1,1,3,5,9
encarch01,62,4,18,1,4,0,0,0,14,0,1,0,10,10,2,0,1,7,24,19,13,0,3,6,2,7,44
encarje01,18,1,2,0,2,0,0,0,4,0,0,0,1,6,0,0,0,3,10,6,0,0,2,1,2,2,11
engelad01,88,8,34,0,5,0,0,1,17,0,4,0,9,14,2,0,0,3,36,36,10,1,6,13,10,16,43
ervinph01,1,0,1,0,0,0,0,0,0,0,0,0,2,0,0,0,0,0,0,0,1,0,1,0,0,0,0
escobal02,119,6,39,2,5,0,0,0,30,0,1,0,5,17,4,0,0,15,46,44,21,0,17,12,12,21,57
escobed01,343,17,122,10,26,0,1,1,52,1,1,0,3,38,6,0,0,68,138,129,49,0,34,30,24,70,185
espinpa01,5,0,3,0,1,0,0,0,0,0,0,0,0,1,0,0,0,0,2,2,0,0,0,1,0,1,3
espinsa01,276,22,110,0,13,0,0,1,54,0,5,0,3,34,4,0,0,33,103,106,47,3,33,39,18,59,127
estrath01,302,22,100,2,10,0,0,1,67,0,7,0,25,56,3,1,3,30,115,128,44,1,51,27,31,54,139
evansph01,53,4,12,1,1,0,0,0,13,0,0,0,12,15,0,0,1,6,27,18,5,0,10,7,3,11,22
faircst01,78,3,24,0,6,0,0,0,26,0,2,0,11,9,1,0,0,7,25,35,10,2,11,8,4,11,44
fargajo01,14,0,3,0,1,0,0,0,2,0,0,0,0,7,0,0,0,1,6,4,1,0,1,5,1,2,5
fariaja01,1,0,1,0,0,0,0,0,0,0,0,0,0,0,0,0,0,0,0,1,0,0,0,0,0,1,0
farmeky01,351,41,96,2,22,0,0,3,68,0,9,0,28,70,6,0,1,33,161,122,38,0,35,33,35,86,162
federti01,0,0,0,0,0,0,0,0,0,0,0,0,1,0,0,0,0,0,0,0,0,0,0,0,0,0,0
felicma01,1,0,1,0,0,0,0,0,0,0,0,0,3,0,0,0,0,0,0,1,0,0,0,0,0,0,1
fermifr01,61,2,15,3,2,0,0,0,9,0,4,0,4,15,2,0,0,9,28,17,11,0,3,9,3,13,33
fermijo01,14,2,6,0,0,0,0,0,5,0,0,0,4,0,0,0,0,1,3,8,3,0,1,4,2,2,5
fishede01,4,0,1,0,1,0,0,0,0,0,0,0,1,2,0,0,0,0,2,1,0,0,1,0,0,1,2
fitzgty01,7,2,3,0,2,0,0,0,2,0,0,0,2,0,0,0,0,0,2,3,0,0,1,1,0,3,2
flaheja01,2,0,1,0,1,0,0,0,0,0,0,0,0,0,0,0,0,0,0,1,0,0,0,0,0,0,2
fletcda02,246,21,66,1,10,0,0,0,65,0,9,0,18,48,4,0,2,20,117,94,22,2,43,31,25,47,100
fletcdo01,28,2,5,1,4,0,0,0,7,0,1,0,6,5,0,0,0,3,13,5,8,0,3,6,1,10,8
florewi01,343,21,109,3,17,0,1,2,84,0,12,0,18,45,7,0,0,42,136,129,54,2,35,34,25,73,176
flories01,30,4,11,3,3,0,0,0,5,0,0,0,5,2,0,0,0,2,9,15,4,0,5,6,1,5,13
floripe01,0,0,0,0,0,0,0,0,0,0,0,0,3,0,0,0,0,0,0,0,0,0,0,0,0,0,0
fordmi01,90,10,34,2,7,0,0,2,15,0,0,0,17,5,5,0,0,10,29,35,14,2,6,8,7,20,49
forteni01,121,12,34,2,6,0,1,1,30,0,4,0,0,21,1,0,1,9,51,51,11,1,9,13,11,33,55
fowlede01,8,0,4,0,2,0,0,0,0,0,0,0,3,1,0,0,0,1,3,3,0,1,0,0,1,2,5
fowledu01,11,2,0,0,0,0,0,0,3,0,0,0,0,2,0,0,1,3,8,2,0,0,2,1,1,1,6
foxlu01,2,0,0,1,0,0,0,0,0,0,0,0,4,1,0,0,0,0,1,1,0,0,2,0,0,0,0
fraleja01,190,24,69,6,11,0,0,0,31,0,0,0,24,23,4,0,0,24,73,81,26,1,27,13,9,36,105
francma02,167,14,60,1,14,0,0,1,32,0,2,0,9,33,1,0,2,7,61,56,36,0,11,11,17,43,85
francty01,477,36,142,6,37,0,0,0,87,0,26,0,27,85,8,0,1,49,204,157,63,1,41,39,52,110,235
francwa01,306,24,95,4,18,0,0,1,45,0,4,0,7,44,9,0,2,60,133,100,44,0,39,18,24,62,163
fraziad01,420,28,165,11,35,0,0,0,58,0,5,0,21,59,9,0,0,52,152,163,63,2,51,39,45,83,202
frazicl01,61,5,28,0,3,0,1,0,8,0,0,0,11,6,3,0,0,7,20,22,13,0,5,5,7,15,29
frazito01,4,0,2,0,0,0,0,0,2,0,0,0,2,0,0,0,0,0,2,2,0,0,1,0,0,1,2
freelky01,6,1,5,0,0,0,0,0,0,0,0,0,0,0,0,0,0,0,1,4,1,0,2,1,0,2,1
freemfr01,624,56,220,13,36,0,0,2,93,0,10,0,14,88,11,0,1,95,255,241,87,2,49,46,33,134,362
freemmi01,12,2,2,0,1,0,0,0,3,0,0,0,4,1,0,0,0,3,7,2,2,0,2,0,0,2,8
freemty01,62,2,22,0,3,0,1,0,10,0,2,0,10,12,1,0,0,9,28,27,4,0,10,8,5,11,28
freitda01,4,0,1,0,1,0,0,0,2,0,0,0,5,0,0,0,0,0,1,2,1,0,2,0,1,0,1
frelisa01,49,8,20,0,2,0,0,0,7,0,1,0,15,6,0,0,0,6,22,16,11,0,9,7,6,10,17
friedma01,15,2,3,1,2,0,0,0,5,0,0,0,0,1,0,0,0,1,6,6,1,0,5,0,1,3,6
friedtj01,201,16,86,4,12,0,0,0,39,0,0,0,9,17,5,0,0,22,75,84,33,0,28,32,16,45,80
fryda01,31,2,10,0,1,0,0,0,8,0,1,0,7,4,0,0,0,5,12,13,4,1,3,1,1,9,17
fuentjo01,71,5,23,0,7,0,0,1,11,0,0,0,5,15,2,0,0,7,35,19,9,0,8,9,11,15,28
galero01,0,0,0,0,0,0,0,0,0,0,0,0,2,0,0,0,0,0,0,0,0,0,0,0,0,0,0
gallaca01,57,7,19,0,7,0,0,0,6,0,1,0,12,11,0,0,0,6,24,22,6,0,4,4,11,11,27
galleza01,6,0,2,0,0,0,0,0,3,0,0,0,0,1,0,0,0,0,2,3,1,0,1,0,2,1,2
gallojo01,215,13,85,7,12,0,2,2,29,0,3,0,10,30,5,0,1,26,93,83,28,0,25,18,12,27,133
galvifr01,89,6,26,0,9,0,0,0,16,0,2,0,3,8,1,0,0,21,38,27,13,0,11,7,9,18,44
gamelbe01,182,10,73,4,9,0,0,1,37,0,3,0,6,18,2,0,0,25,65,79,27,1,23,8,19,43,89
garciad02,451,31,133,5,27,0,1,0,90,0,22,0,18,92,8,0,0,43,191,149,68,1,52,42,38,79,240
garciar01,43,3,15,2,2,0,0,0,9,0,0,0,14,11,0,0,0,1,16,23,3,0,6,4,1,10,22
garciav01,236,15,70,2,16,0,0,0,52,0,3,0,5,56,4,0,1,17,96,95,27,0,22,24,21,44,125
garcide02,24,1,2,0,1,0,0,0,10,0,0,0,3,8,0,0,0,2,11,8,3,0,2,4,1,4,13
garcigr01,0,0,1,0,0,0,0,0,0,0,0,0,0,0,0,0,0,0,0,1,0,0,0,0,0,0,0
garcijo02,66,1,18,2,8,0,0,1,17,0,4,0,5,11,2,0,0,2,25,23,6,0,8,8,6,14,30
garcile02,177,11,64,8,12,0,0,0,30,0,1,0,16,20,1,0,1,30,64,77,20,0,38,18,19,34,68
garcilu04,284,20,95,5,27,0,0,0,41,0,10,0,10,47,4,0,0,35,128,86,44,2,30,40,28,56,130
garcima01,135,13,39,1,2,0,0,0,28,1,9,0,8,22,4,0,0,18,69,49,12,0,12,10,13,34,66
garciro02,16,1,5,0,0,0,0,1,5,0,0,0,2,1,1,0,0,2,4,7,3,0,1,1,2,2,10
gardnbr01,88,2,39,1,4,0,0,0,21,0,0,0,2,12,2,0,0,7,29,40,15,0,9,12,13,16,38
garliky01,67,2,27,1,4,0,0,1,9,0,1,0,8,11,0,0,0,11,23,21,15,0,5,2,5,14,41
garnedu01,22,2,10,0,1,0,0,0,4,0,0,0,0,1,0,0,0,4,7,6,8,0,5,0,0,4,13
garrebr01,2,0,1,0,0,0,0,0,1,0,0,0,0,0,0,0,0,0,0,1,1,0,0,0,0,1,1
garrest01,86,4,29,0,4,0,0,0,22,0,3,0,1,13,2,0,0,10,32,31,18,0,6,7,7,15,51
garvemi01,188,12,63,4,7,0,0,1,35,0,8,0,12,33,1,0,0,24,77,69,27,1,15,15,4,43,111
gausmke01,10,2,7,0,0,0,0,0,1,0,0,0,0,0,0,0,0,0,3,6,1,0,3,2,0,3,2
gelofza01,75,3,20,2,4,0,0,0,23,0,3,0,5,14,1,0,0,5,33,28,12,0,10,6,6,18,35
giambtr01,2,0,0,0,0,0,0,0,0,0,0,0,1,1,0,0,0,1,2,0,0,0,0,0,1,0,1
gibsoky01,4,0,1,0,0,0,0,0,3,0,0,0,0,0,0,0,0,0,1,3,0,0,0,0,2,2,0
gimenan01,342,26,110,7,31,0,0,0,49,0,13,0,21,55,12,0,0,41,148,110,47,0,62,31,33,74,142
giolilu01,1,0,1,0,0,0,0,0,0,0,0,0,0,0,0,0,0,0,0,1,0,0,0,0,0,1,0
gittech01,7,1,3,0,0,0,0,0,2,0,0,0,0,0,0,0,0,1,2,4,1,0,0,0,0,1,6
godoyjo01,8,1,1,1,0,0,0,0,1,0,0,0,3,0,1,0,0,3,5,2,1,0,0,1,1,0,6
goinsry01,0,0,0,0,0,0,0,0,0,0,0,0,7,0,0,0,0,0,0,0,0,0,0,0,0,0,0
goldspa01,532,33,172,8,37,1,0,0,126,0,12,0,7,84,9,0,1,51,213,194,90,1,44,47,40,102,299
gombeau01,2,0,2,0,0,0,0,0,0,0,0,0,0,1,0,0,0,0,2,1,0,0,0,0,0,1,1
gomesya01,256,17,83,0,15,0,0,1,56,0,7,0,20,37,5,0,1,35,120,82,41,0,18,17,18,58,145
gonsoto01,4,0,2,0,1,0,0,0,0,0,0,0,0,0,0,0,0,1,1,2,0,0,2,2,0,0,0
gonzach01,5,0,3,0,0,0,0,0,1,0,0,0,0,1,0,0,0,0,1,4,0,0,0,0,1,1,3
gonzaer01,64,5,17,0,8,0,0,0,13,0,2,0,13,13,1,0,0,7,39,16,6,0,12,9,6,9,28
gonzalu03,82,8,23,0,2,0,1,1,17,0,1,0,12,12,2,0,1,15,40,24,15,0,7,18,10,18,29
gonzama01,100,12,40,1,1,0,0,1,12,0,0,0,8,8,1,0,0,24,47,38,11,0,11,6,3,28,52
gonzani01,33,6,16,0,2,0,0,0,5,0,1,0,2,2,0,0,1,1,12,13,8,0,8,1,3,6,15
gonzaos01,158,8,32,1,10,0,0,0,27,0,13,0,15,42,5,0,1,19,89,36,19,1,25,12,8,40,73
gonzaro01,50,5,14,1,3,0,0,2,9,0,2,0,16,13,0,0,0,3,24,20,3,0,6,3,2,10,29
goodmhu01,15,1,6,0,0,0,0,0,3,0,0,0,3,3,0,0,0,2,7,5,3,0,2,1,1,2,9
goodrni01,72,5,32,2,4,0,0,0,6,0,1,0,6,8,2,0,0,12,30,31,8,0,7,4,7,16,38
goodwbr01,54,3,17,2,3,0,0,0,8,0,0,0,4,7,1,0,2,11,28,20,3,1,5,7,4,13,25
gordode01,24,1,10,1,2,0,0,0,5,0,0,0,13,2,0,0,0,3,8,11,3,0,5,5,3,2,9
gordoni01,185,12,75,4,13,0,0,1,22,0,2,0,7,25,5,0,0,26,81,65,28,0,18,16,17,38,96
gorete01,1,0,0,0,0,0,0,0,1,0,0,0,0,0,0,0,0,0,0,1,0,0,0,0,0,0,1
gormano01,176,18,47,6,11,0,0,0,31,0,2,0,4,30,3,0,1,28,86,64,20,0,13,8,9,30,116
gosseph01,104,6,36,0,5,0,0,0,19,0,5,0,2,16,1,0,2,14,48,31,14,0,15,15,8,23,43
goudeas01,1,1,0,0,0,0,0,0,0,0,0,0,0,0,0,0,0,0,1,0,0,0,0,0,1,0,0
gourryu01,415,33,118,4,10,0,1,0,105,0,8,0,10,83,6,0,0,48,172,161,58,2,43,53,45,104,170
grandya01,221,16,71,4,18,0,0,0,32,0,4,0,15,34,5,0,1,36,101,71,34,1,19,19,15,37,131
grateju01,5,1,1,0,0,0,0,0,0,0,0,0,2,3,0,0,0,0,3,2,0,0,0,1,1,0,3
grayjo02,5,2,1,0,0,0,0,0,0,0,0,0,0,2,0,0,0,0,4,0,1,0,1,0,1,0,3
grayjo03,1,0,0,0,0,0,0,0,1,0,0,0,0,0,0,0,0,0,0,1,0,0,0,0,0,0,1
grayso01,5,1,3,0,1,0,0,0,0,0,0,0,0,0,1,0,0,0,1,3,0,0,1,2,1,0,1
graytr01,8,1,4,0,0,0,0,0,2,0,0,0,9,1,0,0,0,0,2,4,2,0,3,0,0,0,5
greenri03,225,24,84,3,17,0,0,0,25,0,6,0,3,34,5,0,0,28,101,82,21,1,28,22,16,34,125
greenza01,0,0,0,0,0,0,0,0,0,0,0,0,1,0,0,0,0,0,0,0,0,0,0,0,0,0,0
gregodi01,135,7,49,4,14,0,0,0,25,0,1,0,0,17,3,0,1,15,46,50,25,1,17,15,11,31,61
greingr01,22,0,10,0,2,0,0,0,4,0,0,0,0,5,0,0,0,1,9,10,1,0,2,2,5,3,10
greinza01,2,0,0,0,0,0,0,0,2,0,0,0,0,0,0,0,0,0,0,2,0,0,0,0,1,0,1
grichra01,383,34,125,7,17,0,0,1,77,0,11,0,2,61,8,0,0,43,161,139,58,0,46,37,43,68,189
grishtr01,301,19,105,10,19,0,1,0,57,0,5,0,13,40,3,0,0,42,122,120,37,1,31,28,25,69,148
grissva01,62,3,23,0,1,0,0,0,10,0,0,0,8,16,0,0,0,9,30,23,9,0,9,9,6,10,28
groshjo01,18,1,4,0,0,0,0,0,7,0,0,0,1,3,0,0,1,2,5,13,0,0,0,2,3,5,8
grossro01,319,24,136,6,16,0,1,0,39,0,9,0,8,28,6,0,0,55,133,129,42,0,31,30,30,67,161
guerrvl02,562,48,160,20,30,0,1,0,118,0,21,0,1,103,6,0,1,56,252,176,107,2,49,38,39,103,333
guilllu01,154,13,52,1,10,0,0,2,32,0,3,0,6,25,3,0,0,13,54,57,29,0,20,18,15,35,66
gurrilo01,459,32,143,4,22,0,1,0,96,0,10,0,3,84,10,0,1,58,191,148,86,1,47,52,34,104,222
guthrda01,18,2,6,0,0,0,1,0,4,0,2,0,0,1,0,0,0,2,6,8,2,0,2,1,1,4,10
gutieke01,70,6,25,0,3,0,0,0,13,0,1,0,5,14,0,0,0,9,31,24,14,1,15,8,6,16,25
gutievl01,3,0,1,0,0,0,0,0,1,0,0,0,0,1,0,0,0,0,1,2,0,0,2,0,0,1,0
guzmaro01,7,0,3,0,0,0,0,0,2,0,0,0,4,2,0,0,0,0,3,3,1,0,0,1,0,1,5
haaseer01,227,24,71,1,7,0,0,0,39,0,6,0,7,54,1,0,0,28,117,73,28,1,20,21,11,41,134
hagerja01,20,2,7,0,2,0,0,0,2,0,0,0,4,4,0,0,0,3,7,7,3,0,1,3,3,4,9
haggesa01,85,9,25,0,3,0,0,0,12,0,6,0,15,11,2,0,0,17,39,28,10,1,12,8,8,17,40
hallda02,64,3,19,3,5,0,0,1,14,0,2,1,2,8,0,0,0,8,25,20,12,0,5,3,2,16,38
hamilbi02,29,3,15,0,0,1,0,0,5,0,0,0,6,6,0,0,0,0,12,11,5,1,3,4,5,6,11
hamilca01,2,0,2,0,0,0,0,0,0,0,0,0,4,0,0,0,0,0,0,2,0,0,0,0,0,0,2
hamilda03,4,0,3,0,0,0,0,0,1,0,0,0,2,0,0,0,0,0,1,2,1,0,1,1,1,1,0
hampsga01,216,20,75,0,15,0,0,1,45,0,4,0,11,37,5,0,2,13,86,94,24,1,35,35,24,39,83
hanigmi01,265,21,99,2,16,0,0,0,56,0,9,0,18,36,1,0,0,25,101,110,34,1,13,19,20,42,171
happia01,404,40,122,5,40,0,0,3,55,1,6,0,19,42,4,0,2,89,180,146,48,0,43,40,29,87,205
harpebr03,447,41,135,12,37,0,0,1,57,1,10,0,0,71,7,0,3,72,215,142,57,1,28,52,22,75,270
harrijo05,268,11,81,1,23,0,1,4,57,0,4,0,14,59,4,0,2,21,104,92,44,0,30,26,23,68,121
harrimi04,282,21,92,12,26,0,0,0,41,0,11,0,16,38,5,0,1,35,117,100,43,1,29,31,27,56,139
harrimo01,4,0,2,0,0,0,0,0,0,0,0,0,0,2,0,0,0,0,2,2,0,0,0,0,1,3,0
haselad01,23,3,7,1,2,0,0,1,6,0,0,0,13,1,0,0,0,2,5,10,5,0,1,3,5,5,9
hayeske01,391,24,116,7,23,0,1,1,93,0,14,0,5,62,8,0,3,42,164,151,47,3,42,50,35,77,187
haysau01,415,33,127,7,23,0,1,0,83,0,12,0,16,77,8,0,2,42,184,143,59,0,47,51,30,97,190
healyry01,1,0,0,0,0,0,0,0,0,0,0,0,0,1,0,0,0,0,0,0,0,0,1,0,0,0,0
heanean01,1,0,0,0,0,0,0,0,1,0,0,0,0,0,0,0,0,0,0,1,0,0,0,0,0,0,1
heathni01,5,0,4,0,0,0,0,0,0,0,0,0,0,0,0,0,0,1,3,2,0,0,0,0,1,0,4
hedgeau01,139,8,48,0,3,0,0,0,28,0,3,0,7,36,6,0,1,7,59,52,18,0,17,10,15,28,69
heimjo01,282,24,113,4,19,0,0,0,31,1,3,0,19,21,4,0,1,62,113,102,42,1,28,13,24,78,139
heinesc01,3,0,1,0,0,0,0,0,1,0,0,0,4,1,0,0,0,0,1,2,0,0,1,0,0,0,2
heinety01,51,4,16,1,5,0,0,0,10,0,0,0,2,5,1,0,1,8,23,20,6,0,2,10,4,9,26
hendegu01,186,26,58,9,15,0,0,0,24,0,3,0,11,22,6,0,1,22,82,49,40,2,15,16,19,32,104
hendrky01,6,1,2,0,0,0,0,0,1,0,0,0,1,2,0,0,0,0,3,3,0,0,1,0,2,0,3
henrypa01,13,0,1,0,2,0,0,0,4,0,0,0,6,2,0,0,0,4,6,5,1,0,4,0,0,1,8
henslda01,26,3,10,1,1,0,0,0,6,0,0,0,4,2,0,0,0,3,9,12,4,0,4,1,3,7,11
heredgu01,81,6,28,0,2,0,0,3,16,0,0,0,6,13,1,0,1,11,37,28,10,0,9,11,1,25,35
hermomi01,14,0,5,1,1,0,0,1,3,0,0,0,8,1,1,0,0,1,4,6,1,0,1,0,0,5,8
hernace02,279,18,103,4,23,0,0,0,46,0,1,0,16,38,4,0,0,44,115,111,31,0,35,46,32,57,109
hernada04,3,0,1,0,0,0,0,0,0,0,1,0,4,1,0,0,0,0,2,1,0,0,0,0,1,1,1
hernael01,1,0,1,0,0,0,0,0,0,0,0,0,0,0,0,0,0,0,1,0,0,0,0,0,0,0,1
hernael02,6,0,0,0,0,0,0,0,1,0,0,0,3,2,0,0,0,3,2,1,0,0,0,0,2,0,4
hernaen02,342,24,128,4,18,0,0,2,59,0,16,0,20,52,6,0,0,33,138,128,56,0,39,31,30,65,177
hernama02,0,0,0,0,0,0,0,0,0,0,0,0,5,0,0,0,0,0,0,0,0,0,0,0,0,0,0
hernate01,473,39,135,6,27,0,0,2,88,0,20,0,5,97,6,0,1,54,219,146,71,0,45,30,32,85,281
hernaya01,159,14,52,5,5,0,0,0,26,0,0,0,8,28,4,0,0,25,60,58,29,1,17,16,13,54,59
hernayo02,36,1,17,1,0,0,0,0,8,0,1,0,4,3,0,0,0,5,15,18,3,0,3,5,1,11,16
herreiv01,16,1,6,0,2,0,0,0,3,0,1,0,2,3,0,0,0,3,5,3,5,0,2,0,0,6,8
herrejo04,45,2,16,1,3,0,0,0,9,0,1,0,7,5,1,0,0,7,17,19,4,0,5,5,7,9,19
herreod01,166,17,65,0,15,0,0,1,16,0,2,0,0,24,1,1,3,22,76,56,22,1,24,23,15,32,72
herrmch01,0,0,0,0,0,0,0,0,0,0,0,0,5,0,0,0,0,0,0,0,0,0,0,0,0,0,0
heywaja01,191,14,70,4,12,0,0,0,35,0,2,0,15,20,4,0,1,29,72,67,38,0,19,21,17,47,87
hicklbr01,1,0,0,0,0,0,0,0,1,0,0,0,4,0,0,0,0,0,1,0,0,0,1,0,0,0,0
hicksaa01,189,12,72,7,15,0,1,0,32,0,4,0,7,18,1,0,1,27,65,72,34,1,24,21,13,44,87
hicksjo02,11,0,3,0,2,0,0,0,1,0,0,0,6,3,0,0,0,2,6,3,0,0,0,2,0,4,5
higasky01,159,17,51,2,2,0,1,1,36,0,8,0,2,27,1,0,0,13,72,58,23,0,12,9,11,39,88
higgipj01,48,3,9,0,4,0,0,2,15,0,0,0,9,8,1,0,1,5,18,18,7,0,7,4,4,12,21
hillde01,67,3,19,2,8,0,0,0,10,0,1,0,5,10,0,0,0,15,32,19,8,1,15,12,5,9,26
hillisa01,108,7,43,0,10,0,0,1,15,0,0,0,9,13,1,0,0,18,40,40,15,0,13,7,5,17,66
hillri01,3,1,1,0,0,0,0,0,1,0,0,0,0,0,0,0,0,0,0,2,1,0,1,2,0,0,0
hiurake01,88,6,25,1,6,0,0,0,18,0,1,0,22,18,2,0,0,11,39,32,10,0,7,5,1,24,51
hoernni01,353,26,106,3,23,0,0,3,81,0,8,0,23,71,1,0,2,32,139,125,56,1,51,35,31,84,152
hoffmje02,2,0,2,0,0,0,0,0,0,0,0,0,1,0,0,0,0,0,0,2,0,0,0,0,0,0,2
holadbr01,9,1,1,0,1,0,0,0,2,0,0,0,0,3,0,0,0,1,6,2,0,0,0,1,0,4,4
hollojo01,1,0,1,0,0,0,0,0,0,0,0,0,0,0,0,0,0,0,0,1,0,0,0,0,0,0,1
holtbr01,49,2,22,2,4,0,0,0,10,0,1,0,7,3,0,0,0,5,13,24,9,0,5,6,6,9,23
hopkitj01,9,0,3,0,1,0,0,0,1,0,0,0,1,2,1,0,0,1,4,1,3,0,1,0,2,4,2
horwisp01,14,1,5,2,0,0,0,0,4,0,0,0,1,2,0,0,0,0,3,9,2,0,0,2,2,2,8
hoskirh01,273,14,105,5,11,0,0,1,57,0,10,0,2,39,5,0,0,28,95,110,43,3,22,24,13,55,159
hosmeer01,260,32,86,1,27,0,0,0,33,0,3,0,20,41,6,0,0,32,107,90,39,1,31,26,31,56,116
housead01,3,0,2,0,0,0,0,0,1,0,0,0,0,0,0,0,0,0,1,2,0,0,0,0,0,0,3
howarsp01,2,0,1,0,0,0,0,0,1,0,0,0,0,0,0,0,0,0,0,2,0,0,0,1,1,0,0
hudsoda02,1,0,0,0,0,0,0,0,1,0,0,0,0,0,0,0,0,0,1,0,0,0,0,1,0,0,0
hudsojo03,3,0,1,0,0,0,0,0,1,0,0,0,10,1,0,0,0,0,1,1,1,0,0,0,0,1,2
huffsa01,40,3,13,0,4,0,0,0,5,0,1,0,0,8,0,0,0,6,15,13,4,1,0,4,5,6,25
hummeco01,34,3,17,0,2,0,0,0,2,0,0,0,8,1,0,0,0,9,11,12,9,0,5,4,1,4,20
hunteto02,1,0,1,0,0,0,0,0,0,0,0,0,0,0,0,0,0,0,0,1,0,0,0,0,0,0,1
hurstsc01,1,0,0,0,0,0,0,0,1,0,0,0,2,0,0,0,0,0,0,1,0,0,0,1,0,0,0
ibanean01,198,16,62,3,12,1,0,0,39,0,4,0,16,31,5,0,0,25,88,70,25,0,31,14,23,37,93
iglesjo01,271,20,81,1,12,0,0,0,40,0,3,0,10,69,9,0,5,32,139,88,26,2,42,27,30,58,114
inciaen01,25,1,8,0,2,0,0,0,5,0,0,0,0,4,1,0,0,4,12,7,3,0,5,5,1,5,9
indiajo01,355,27,122,8,17,0,0,0,88,0,7,0,35,56,5,0,1,24,131,152,49,2,26,26,34,93,176
irvinco01,1,0,0,0,0,0,0,0,0,0,0,0,0,1,0,0,0,0,1,0,0,0,0,0,0,0,1
isbelky01,156,13,52,3,9,0,0,0,27,1,6,0,19,19,3,0,0,23,65,51,25,0,18,18,17,33,70
jacksal02,25,2,4,1,4,0,0,0,5,0,0,0,8,3,0,0,0,6,11,4,6,0,2,2,5,5,11
jacksdr01,0,0,0,0,0,0,0,0,0,0,0,0,10,0,0,0,0,0,0,0,0,0,0,0,0,0,0
jankotr01,116,6,55,1,10,0,0,2,16,0,2,0,5,11,1,0,0,12,35,50,23,0,18,17,16,25,40
janseda01,171,11,52,4,7,0,1,0,34,0,6,0,1,34,2,0,0,21,76,62,21,0,13,20,9,36,93
jayjo02,5,0,1,0,1,0,0,0,0,0,0,0,0,1,0,0,0,2,3,1,0,0,1,1,1,1,1
jeffery01,186,18,63,1,8,0,1,0,34,0,5,0,6,34,4,0,0,18,81,66,29,0,12,26,11,44,93
jimenel02,267,18,57,2,13,0,0,0,71,0,18,0,28,66,2,0,1,20,129,93,34,0,27,35,23,47,135
joeco01,276,23,91,1,9,0,0,0,70,0,4,0,13,43,3,0,3,29,103,104,54,0,24,25,24,63,140
johnsbr03,9,1,3,0,0,0,0,0,2,0,0,0,10,1,0,0,0,2,2,4,1,1,1,1,1,1,5
johnsda07,17,0,8,0,1,0,0,0,1,0,0,0,6,5,0,0,0,2,6,7,2,0,2,2,0,1,12
jonesja07,20,2,6,0,3,0,0,0,4,0,0,0,5,2,0,0,0,3,7,7,4,0,0,2,3,3,12
jonesja08,17,0,3,0,1,0,0,0,3,0,2,0,5,6,0,0,0,2,8,6,0,0,3,0,1,6,7
jonesno01,141,9,44,3,10,0,0,0,22,0,4,0,3,26,3,0,1,19,67,43,19,0,17,6,9,25,84
jonesta01,27,5,6,0,1,0,0,0,7,0,0,0,5,5,1,0,0,2,12,7,6,0,4,3,1,7,12
joycema01,7,1,4,0,0,0,0,1,0,0,0,0,0,0,0,0,0,1,3,4,0,0,0,0,2,3,2
judgeaa01,468,35,155,8,30,0,2,0,101,0,20,0,2,72,5,0,1,41,186,172,82,0,30,22,23,72,321
julieed01,101,8,45,1,4,0,0,1,14,0,2,0,2,8,1,0,0,17,33,43,21,0,6,10,11,23,51
julksco01,78,5,22,2,6,0,0,2,18,0,1,0,5,16,1,0,0,6,34,23,15,0,4,4,10,21,39
jungjo01,174,8,50,3,20,0,1,0,36,0,6,0,7,33,0,0,0,17,76,55,28,1,14,11,8,41,100
kaiseco01,1,0,1,0,0,0,0,0,0,0,0,0,0,0,0,0,0,0,0,1,0,0,0,0,0,1,0
kaprija01,1,0,1,0,0,0,0,0,0,0,0,0,0,0,0,0,0,0,0,0,1,0,0,0,0,0,1
katohgo01,9,1,3,0,3,0,0,0,1,0,0,0,1,1,0,0,0,0,5,2,1,0,1,3,0,1,4
kazmase01,1,0,0,0,0,0,0,0,0,0,0,0,2,0,1,0,0,0,1,0,0,0,0,0,0,0,1
keithco01,9,1,3,0,0,0,0,0,2,0,0,0,0,1,0,0,0,2,5,3,1,0,2,0,0,2,5
kelenja01,186,13,66,11,16,0,1,0,26,0,4,0,22,28,4,0,0,17,79,63,27,0,9,15,14,34,114
kellemi03,3,0,3,0,0,0,0,0,0,0,0,0,0,0,0,0,0,0,0,3,0,0,1,0,0,0,2
kellyca02,185,9,64,1,6,0,1,0,45,0,5,0,1,28,4,0,0,22,77,77,23,1,15,13,20,34,103
kellyme01,5,0,2,0,0,0,0,0,2,0,0,0,0,1,0,0,0,0,3,2,0,0,0,0,0,3,2
kellyty01,0,0,0,0,0,0,0,0,0,0,0,0,1,0,0,0,0,0,0,0,0,0,0,0,0,0,0
kempto01,287,16,135,10,17,0,0,1,43,0,2,0,24,26,6,1,1,29,93,119,51,2,52,28,30,50,127
kennebu01,27,1,8,0,0,0,0,0,11,0,0,0,0,2,0,0,0,5,12,11,3,0,5,3,2,5,12
keplema01,310,22,97,4,23,0,0,1,50,0,7,0,4,47,8,0,0,51,145,105,37,0,30,21,17,70,172
kershcl01,8,0,2,0,1,0,0,0,1,0,0,0,1,2,2,0,0,0,4,4,0,0,1,2,2,1,2
kessigr01,10,1,1,0,0,0,1,0,0,0,2,0,3,1,2,0,0,2,6,2,0,0,1,0,1,3,5
kieboca01,63,3,17,2,2,0,0,0,19,0,0,0,2,13,4,0,2,1,19,31,6,0,8,9,7,13,26
kiermke01,249,16,101,5,12,0,2,0,37,0,5,0,10,34,4,0,0,34,102,98,35,0,44,33,19,48,105
kimha01,341,23,91,6,20,0,0,2,83,0,8,0,17,73,6,0,1,30,140,134,36,1,43,25,32,67,174
kimkw01,3,0,0,0,1,0,0,0,1,0,0,0,0,0,0,0,0,1,0,1,0,0,1,1,1,0,0
kineris01,411,41,150,3,24,1,0,3,70,0,11,0,11,69,7,0,2,30,185,143,58,2,60,41,47,83,180
kingesc01,9,0,2,0,2,0,0,0,1,0,0,0,0,4,0,0,0,0,3,3,1,0,0,1,1,2,5
kipnija01,1,0,1,0,0,0,0,0,0,0,0,0,2,0,0,0,0,0,1,0,0,0,0,1,0,0,0
kirilal01,174,17,63,4,10,0,1,0,32,0,2,0,11,22,2,0,0,21,63,64,34,0,15,16,14,36,93
kirkal01,291,21,85,5,23,0,0,0,67,0,8,0,0,49,4,0,0,30,113,98,54,1,29,28,26,62,146
kivlepa01,1,0,1,0,0,0,0,0,0,0,0,0,2,0,0,0,0,0,1,0,0,0,0,0,0,1,0
kjershe01,12,3,4,1,1,0,0,0,0,0,0,0,3,1,0,0,0,2,6,4,1,0,0,4,1,4,3
knappan01,33,2,9,0,1,0,0,0,8,0,0,0,3,7,0,0,0,6,16,7,8,0,4,5,3,7,14
kniznan01,144,10,33,5,7,0,1,3,47,0,3,0,5,25,1,0,2,7,60,55,18,0,9,16,10,46,63
kohlwta01,2,0,0,0,0,0,0,1,0,0,0,0,11,0,0,0,0,1,1,0,0,0,0,1,0,0,1
kolozma01,4,0,1,0,0,0,0,0,2,0,0,0,2,1,0,0,0,0,1,3,0,0,0,2,0,0,2
kozmape01,1,0,1,0,0,0,0,0,0,0,0,0,5,0,0,0,0,0,0,1,0,0,0,0,0,1,0
krameke01,1,0,0,0,0,0,0,0,1,0,0,0,0,0,0,0,0,0,0,1,0,0,0,0,0,0,1
kreidry01,31,3,14,0,5,0,0,0,4,0,1,0,0,3,0,0,0,1,13,11,6,0,3,5,2,8,13
krizaja01,4,0,1,0,0,0,0,0,2,0,0,0,11,1,0,0,0,0,1,1,2,0,0,0,0,0,4
krugeja01,0,0,0,0,0,0,0,0,0,0,0,0,2,0,0,0,0,0,0,0,0,0,0,0,0,0,0
kuhlch01,1,1,0,0,0,0,0,0,0,0,0,0,0,0,0,0,0,0,0,1,0,0,0,0,0,0,1
kwanst01,360,24,148,6,19,0,0,1,60,0,7,0,27,40,12,0,0,44,134,148,50,1,58,41,29,69,163
lagarju01,85,11,31,0,6,0,0,0,13,0,1,0,5,13,1,0,0,10,34,36,8,0,9,7,7,19,43
lamarry01,8,0,5,0,0,0,0,0,0,0,0,0,1,2,0,0,0,1,3,4,1,0,3,0,1,1,3
lambja01,63,4,22,2,4,0,0,0,10,0,0,0,18,7,2,0,0,12,22,23,12,0,1,2,6,17,37
langesh01,130,10,26,2,7,0,0,0,32,0,9,0,7,30,0,0,0,14,64,38,19,2,12,14,8,22,74
langfwy01,6,0,1,0,0,0,0,0,3,0,0,0,8,1,0,0,0,1,3,2,1,0,2,0,0,1,3
larnatr01,142,10,59,6,8,0,0,0,24,0,2,0,10,21,3,0,0,9,51,56,25,0,16,10,10,28,78
lasteto01,105,9,49,2,6,0,0,0,10,0,0,0,11,14,4,0,0,11,33,40,25,0,8,14,9,24,50
lauerer01,4,0,1,0,1,0,0,0,0,0,0,0,0,1,1,0,0,0,1,1,0,0,1,0,0,2,1
laurera01,244,15,94,3,13,0,1,0,49,0,9,0,17,37,4,0,2,17,90,92,40,3,22,18,19,54,131
lavarry01,9,0,5,0,0,0,0,0,3,0,0,0,2,1,0,0,0,0,2,3,4,0,0,2,0,1,6
lavasbr01,2,0,2,0,0,0,0,0,0,0,0,0,0,0,0,0,0,0,0,2,0,0,0,0,2,0,0
lawlajo01,6,0,0,0,0,0,0,0,3,0,1,0,0,2,0,0,0,0,3,2,0,0,2,1,1,0,2
leblach01,42,4,14,1,1,0,0,0,12,0,0,0,0,7,1,0,0,2,14,20,4,1,5,5,5,8,19
leeju01,4,0,1,0,0,0,0,0,1,0,1,0,4,0,0,0,0,1,1,2,0,0,0,0,0,2,2
leekh01,2,0,1,0,0,0,0,0,0,0,0,0,0,1,0,0,0,0,0,0,1,0,0,0,0,1,1
leeko01,14,1,6,0,0,0,0,0,1,0,0,0,5,4,0,0,0,2,9,3,2,0,0,1,3,5,5
lemahdj01,419,31,126,6,30,0,0,2,75,0,14,0,4,87,12,0,2,34,184,158,37,1,38,39,38,97,207
leonsa01,56,6,18,3,4,0,0,0,13,0,0,0,7,5,2,0,0,5,26,26,3,0,2,7,9,17,21
lestejo01,8,0,5,0,0,0,0,0,0,0,0,0,0,0,1,0,0,2,3,3,1,0,0,0,1,1,6
lestejo02,6,0,2,0,0,0,0,0,1,0,0,0,3,3,0,0,0,0,4,1,1,0,2,0,0,0,4
lewisky01,54,2,17,0,3,0,0,0,12,0,3,0,6,9,1,0,0,7,21,19,8,0,2,3,4,15,30
lewisro02,91,7,28,0,4,0,0,0,13,0,5,0,0,22,1,0,0,11,36,26,20,1,10,4,6,17,54
leybado01,10,0,5,0,1,0,0,0,1,0,0,0,5,1,0,0,0,2,5,3,2,0,2,0,0,5,3
liberlu01,0,0,0,0,0,0,0,0,0,0,0,0,7,0,0,0,0,0,0,0,0,0,0,0,0,0,0
lindofr01,461,37,154,6,33,0,1,0,73,0,10,0,4,60,13,0,0,74,186,176,59,2,48,38,38,101,236
lintz02,1,0,1,0,0,0,0,0,1,0,0,0,0,0,0,0,0,0,0,2,0,0,0,0,0,0,1
lipcian01,13,2,6,0,1,0,0,0,2,0,0,0,0,2,0,0,0,0,2,9,1,0,1,0,2,4,6
litteza01,1,0,0,0,0,0,0,0,1,0,0,0,0,0,0,0,0,0,1,0,0,0,0,0,0,1,0
locasti01,50,4,14,0,5,0,0,0,8,0,4,0,9,8,0,0,0,8,23,15,6,0,7,8,4,5,26
loftini01,21,1,7,0,0,0,0,0,4,0,2,0,10,3,0,0,0,4,8,7,4,0,4,1,2,4,10
longoev01,192,15,75,4,8,0,0,0,34,0,4,0,4,27,6,0,3,16,58,76,39,0,20,9,15,42,106
longsa01,1,0,1,0,0,0,0,0,0,0,0,0,0,0,0,0,0,0,0,1,0,0,0,0,0,0,1
longsh01,22,0,8,2,3,0,0,0,1,0,0,0,0,5,1,0,0,2,15,5,0,0,2,4,2,3,11
lopesch01,2,1,1,0,0,0,0,0,0,0,0,0,9,0,0,0,0,0,1,1,0,0,0,0,0,1,1
lopesti01,2,0,2,0,0,0,0,0,0,0,0,0,7,0,0,0,0,0,0,2,0,0,0,0,0,0,2
lopezal03,44,2,17,2,3,0,0,0,11,0,0,0,2,5,0,0,0,5,14,20,9,0,6,6,3,9,20
lopezir01,0,0,0,0,0,0,0,0,0,0,0,0,1,0,0,0,0,0,0,0,0,0,0,0,0,0,0
lopezja03,10,0,2,0,2,0,0,0,2,0,0,0,3,4,0,0,0,0,4,3,1,0,1,1,0,2,6
lopezni01,301,25,129,6,22,0,0,2,52,0,4,0,14,30,3,0,1,28,102,119,56,1,50,37,39,68,107
lopezot01,13,1,0,0,1,0,0,0,4,0,0,0,0,3,0,0,0,4,6,5,1,0,4,1,3,4,1
lopezpa01,2,0,2,0,0,0,0,0,0,0,0,0,0,0,0,0,0,0,0,2,0,0,0,0,0,0,2
lowebr01,280,25,77,5,28,0,0,0,45,0,6,0,15,34,15,0,0,45,132,85,35,1,27,21,22,57,153
lowejo01,180,16,55,4,21,0,0,0,20,0,3,0,4,26,2,0,0,34,86,53,24,0,13,16,17,35,99
lowena01,509,41,215,11,30,0,1,1,61,1,13,0,18,67,14,0,0,54,193,198,76,1,61,33,41,119,255
lowrije01,143,16,49,2,10,0,0,0,19,0,3,0,13,17,4,0,1,22,65,53,10,1,13,11,16,27,76
lucchjo01,1,0,0,0,0,0,0,0,1,0,0,0,0,0,0,0,0,0,0,1,0,0,0,1,0,0,0
luciama01,10,2,6,0,0,0,0,0,3,0,0,0,8,1,0,0,0,1,4,3,3,0,1,0,0,3,6
lucrojo01,6,0,2,0,1,0,0,0,0,0,0,0,3,1,1,0,0,1,4,1,1,0,1,1,0,4,0
lukesna01,19,1,8,0,4,0,1,0,2,0,0,0,7,1,0,0,0,2,6,7,2,0,2,3,2,4,8
luplojo01,92,8,33,0,2,0,0,3,16,0,1,0,5,14,3,0,2,10,38,31,15,0,12,6,10,20,44
luxga01,214,21,73,6,10,0,0,1,40,0,2,0,6,31,2,0,0,29,82,85,35,0,33,19,14,39,109
lynnla01,1,0,1,0,0,0,0,0,0,0,0,0,0,0,0,0,0,0,0,0,1,0,0,0,0,0,1
machadi01,4,1,2,0,0,0,0,0,0,0,0,0,6,1,0,0,0,0,2,2,0,0,0,2,0,0,2
machama01,486,39,122,10,26,0,0,0,111,0,9,0,13,103,12,0,2,54,223,152,80,1,43,38,43,103,259
machivi01,54,5,26,1,4,0,0,0,7,0,2,0,7,3,0,0,0,6,19,19,14,0,9,3,3,15,24
mackida01,7,1,1,0,0,0,0,0,3,0,0,0,0,2,0,0,0,0,2,3,2,0,1,0,2,1,3
madribl01,30,4,11,1,2,0,0,0,5,0,0,0,6,2,0,0,0,5,15,10,5,0,5,2,4,8,11
madrini01,182,13,65,2,13,1,0,1,40,0,4,0,22,28,3,0,2,11,75,64,27,1,31,25,17,39,70
maedake01,1,0,1,0,0,0,0,0,0,0,0,0,0,0,0,0,0,0,0,1,0,0,0,0,0,1,0
maggidr01,8,2,1,1,1,0,0,1,1,0,0,0,1,0,0,0,0,1,7,0,0,0,0,0,0,4,4
mahlety01,3,0,1,0,1,0,0,0,1,0,0,0,0,0,0,0,0,0,1,1,0,0,0,1,0,2,0
mailelu01,94,5,33,0,3,0,0,2,18,0,1,0,8,17,3,0,0,12,36,34,16,0,11,10,5,19,49
maldoma01,214,14,75,1,10,0,0,0,45,0,11,0,6,29,7,1,0,21,80,90,20,4,24,13,16,53,108
manaese01,2,0,1,0,1,0,0,0,0,0,0,0,0,0,0,0,0,0,0,1,0,0,0,0,2,0,0
mancitr01,330,28,103,4,18,0,0,0,59,0,9,0,17,65,6,0,0,38,145,108,47,0,31,31,26,75,167
marcatu01,89,7,37,1,2,0,1,1,13,0,0,0,10,11,1,0,1,14,36,26,21,0,10,14,4,20,41
marchra01,12,0,0,0,2,0,0,1,1,0,0,0,0,1,0,0,0,7,8,1,0,0,1,0,0,5,6
margoma01,290,33,89,2,18,0,0,1,46,0,6,0,16,53,6,0,2,35,135,94,36,2,32,37,26,59,136
marisja01,77,7,27,0,2,0,0,1,17,0,2,0,14,11,3,0,0,7,36,29,9,0,7,5,11,14,40
marloca01,21,0,8,0,1,0,0,0,4,0,2,0,2,2,0,0,0,4,9,7,3,1,2,1,2,5,11
marmojo01,19,5,4,1,1,0,0,0,4,0,0,0,3,0,1,0,1,2,11,5,2,0,1,1,2,3,12
marquge01,14,3,5,0,0,0,0,0,1,0,1,0,0,2,0,0,1,1,8,6,0,0,1,0,1,6,6
marrede01,3,0,0,0,0,0,0,0,0,0,1,0,0,2,0,0,0,0,3,0,0,0,1,2,0,0,0
marshbr02,308,33,102,12,20,0,1,2,48,0,4,0,14,36,4,0,1,45,133,115,36,1,40,24,18,66,160
marteke01,428,26,153,11,24,0,0,0,76,0,6,0,6,55,13,0,1,63,171,166,64,1,33,40,33,108,214
martelu02,2,0,2,0,0,0,0,0,0,0,0,0,0,0,0,0,0,0,0,2,0,0,0,1,0,0,1
marteno01,36,5,9,2,0,0,0,0,10,0,2,0,4,5,0,0,0,3,15,9,7,1,4,4,4,5,19
martest01,388,32,111,3,18,0,1,0,95,0,14,0,3,65,9,0,1,39,155,165,36,3,51,34,36,72,195
martica04,2,0,2,0,0,0,0,0,0,0,0,0,0,0,0,0,0,0,0,2,0,0,0,0,0,0,2
martico02,1,0,1,0,0,0,0,0,0,0,0,0,0,0,0,0,0,0,0,1,0,0,0,0,0,1,0
martija03,30,3,16,1,2,0,0,0,2,0,0,0,9,2,0,0,0,4,9,14,5,0,2,3,2,10,13
martijd02,444,32,135,4,34,0,0,1,93,0,13,0,21,81,6,0,1,44,196,142,70,0,35,23,38,82,266
martijp01,9,0,4,0,0,0,0,0,2,0,0,0,1,1,0,0,0,2,2,5,2,0,1,0,2,2,4
martile01,0,0,0,0,0,0,0,0,0,0,0,0,2,0,0,0,0,0,0,0,0,0,0,0,0,0,0
martini02,33,4,12,1,3,0,0,0,5,0,1,0,5,5,0,0,0,2,11,14,5,0,3,1,4,9,16
martiri01,33,5,9,1,2,0,0,0,5,0,0,0,5,7,0,0,0,4,16,11,4,0,8,2,4,7,12
massemi02,145,17,51,7,8,0,0,0,17,0,2,0,3,15,6,0,0,22,65,50,23,0,10,8,7,22,98
mastrmi01,38,3,18,0,1,0,0,0,8,0,2,0,15,4,0,0,0,4,11,17,8,0,7,4,1,6,20
mateojo01,233,16,54,2,24,0,0,1,43,0,9,0,28,55,6,0,1,22,118,71,20,0,28,27,13,45,120
mathije01,2,0,1,0,0,0,0,0,0,0,0,0,0,0,0,0,0,1,1,0,1,0,1,0,0,0,1
mathima01,38,2,11,0,1,0,0,0,10,0,2,0,2,5,1,0,0,6,16,17,3,0,4,4,4,8,18
mathiwy01,8,0,4,0,0,0,0,0,2,0,0,0,4,1,1,0,0,0,2,5,0,0,0,0,1,1,6
matijjj01,17,1,5,0,0,0,0,1,5,0,0,0,2,2,1,0,0,2,6,8,2,0,4,5,1,2,5
matonni01,106,7,43,4,4,0,1,0,17,0,1,0,1,12,5,0,0,12,40,34,25,0,13,10,8,19,56
matoslu02,57,6,18,2,2,0,0,0,12,0,2,0,5,8,0,0,0,11,29,18,7,0,12,4,4,5,32
mauriro01,26,2,8,0,2,0,0,0,2,0,1,0,0,3,0,0,0,8,13,6,5,0,1,4,1,8,12
maybica01,1,0,0,0,0,0,0,0,1,0,0,0,4,0,0,0,0,0,0,1,0,0,0,1,0,0,0
mayfija01,76,6,24,0,2,0,0,0,16,0,3,0,6,14,0,0,0,11,28,33,10,1,14,8,4,18,32
mazarno01,85,5,29,5,6,0,0,0,12,0,0,0,9,11,3,0,3,11,34,35,8,1,10,5,10,21,39
mazeipa01,30,1,14,0,0,0,0,0,3,0,1,0,3,3,1,0,0,7,10,13,5,0,2,3,5,6,14
mcbrory01,4,0,3,0,0,0,0,0,0,0,0,0,5,1,0,0,0,0,2,1,1,0,0,1,3,0,0
mccanja02,177,10,56,1,12,0,0,0,43,0,4,0,4,30,4,0,0,17,74,68,24,1,19,23,10,26,99
mccarja02,184,13,53,5,15,0,0,1,32,1,5,0,7,29,7,0,0,24,83,64,24,0,26,26,15,47,70
mccarjo04,0,0,0,0,0,0,0,0,0,0,0,0,14,0,0,0,0,0,0,0,0,0,0,0,0,0,0
mccorch01,300,21,93,3,14,0,0,4,65,0,9,0,10,47,3,1,3,37,125,114,44,2,37,27,26,67,143
mccoyma01,0,0,0,0,0,0,0,0,0,0,0,0,3,0,0,0,0,0,0,0,0,0,0,0,0,0,0
mccutan01,343,19,118,1,26,0,0,2,88,0,7,0,7,48,4,0,1,31,123,126,64,1,32,30,43,63,175
mcdonmi01,0,0,0,0,0,0,0,0,0,0,0,0,5,0,0,0,0,0,0,0,0,0,0,0,0,0,0
mcguire01,174,14,63,8,8,0,0,0,29,0,3,0,5,16,3,0,1,29,70,64,28,0,22,26,18,36,72
mckenry01,103,8,29,0,12,0,0,0,19,0,6,0,9,21,3,0,0,5,43,34,13,0,15,11,9,24,44
mckentr01,1,0,1,0,0,0,0,0,0,0,0,0,0,0,0,0,0,0,0,1,0,0,0,0,0,0,1
mckinbi01,89,7,35,1,6,0,0,0,14,0,0,0,18,14,0,0,0,12,30,35,16,0,10,7,9,17,46
mckinza01,181,18,69,4,8,0,0,0,25,0,4,0,9,27,3,0,0,23,75,72,26,1,13,13,17,45,93
mclaima01,106,6,27,3,5,0,0,0,33,0,6,0,2,17,2,0,0,7,42,40,18,1,8,11,15,21,51
mcmahry01,423,35,133,20,32,0,0,1,69,0,7,0,11,62,7,0,1,60,192,147,54,2,42,33,31,89,228
mcneije01,440,33,132,18,27,1,0,1,94,0,9,0,3,54,13,0,1,59,182,153,63,2,67,49,30,108,186
meadcu01,26,2,6,1,2,0,0,0,4,0,1,0,6,6,0,0,0,4,15,7,2,0,3,2,3,8,10
meadoau01,166,13,62,3,11,0,0,0,31,0,3,0,7,24,3,0,0,18,61,55,43,0,14,13,10,38,91
meadopa01,45,3,16,2,1,0,0,0,9,0,1,0,2,6,0,0,0,7,19,19,7,0,6,1,0,13,25
meansjo01,1,0,1,0,0,0,0,0,0,0,0,0,0,0,0,0,0,0,0,0,1,0,0,0,0,0,1
mecklwa01,13,2,7,1,0,0,0,0,2,0,0,0,2,0,0,0,0,1,4,5,4,0,2,0,2,2,7
megilty01,6,0,4,0,0,0,0,0,2,0,0,0,0,0,0,0,0,0,0,6,0,0,1,1,1,1,2
mejiaer01,0,0,0,0,0,0,0,0,0,0,0,0,3,0,0,0,0,0,0,0,0,0,0,0,0,0,0
mejiafr01,179,15,50,3,18,1,0,2,26,0,3,0,9,27,3,0,1,30,80,50,24,1,23,19,18,39,80
mejiahu01,1,0,1,0,0,0,0,0,0,0,0,0,0,0,0,0,0,0,0,1,0,0,0,0,1,0,0
melenmj01,230,26,79,6,9,0,0,0,37,0,10,0,11,25,8,0,0,32,100,78,40,1,21,15,17,59,118
mendida01,79,6,29,2,5,0,0,1,12,0,0,0,14,14,3,0,0,7,36,24,11,0,12,7,8,23,29
menesjo01,247,19,71,2,12,0,0,0,63,0,13,0,8,40,6,0,0,21,97,91,46,0,26,31,20,59,111
mercaos01,87,4,32,1,1,0,0,0,20,0,3,0,11,15,2,0,0,9,32,36,13,0,8,13,5,22,39
mercejo03,31,0,11,0,1,0,0,1,4,0,1,0,4,8,0,0,0,5,15,10,4,0,3,2,5,9,12
merceye01,85,10,20,2,7,0,1,0,16,0,1,0,8,12,3,0,0,13,41,26,8,0,10,5,7,12,51
merrija01,5,0,2,1,0,0,0,0,0,0,0,0,6,0,0,0,0,2,3,1,1,0,1,0,0,1,3
merriwh01,474,46,174,8,16,1,1,0,92,0,15,0,19,80,6,0,0,36,185,177,86,2,69,47,45,107,206
mervima01,15,2,4,1,0,0,0,0,1,0,0,0,6,3,0,0,0,4,8,6,1,0,0,0,1,3,11
meyerja02,148,9,50,1,8,0,0,1,35,0,7,0,5,22,1,0,0,15,55,53,27,1,25,14,10,31,68
mileywa01,10,1,3,0,0,0,0,0,4,0,0,0,0,1,0,0,0,1,6,3,1,0,0,3,0,4,3
milladr01,8,1,3,0,3,0,0,0,0,0,0,0,1,0,0,0,0,1,2,3,1,0,1,1,2,1,3
millebr02,137,9,45,4,9,0,1,1,20,0,3,0,15,19,2,1,2,21,59,44,22,0,16,16,9,26,70
millebr03,10,0,8,0,0,0,0,0,2,0,0,0,3,0,0,0,0,0,1,7,2,0,2,2,0,6,0
milleia01,0,0,0,0,0,0,0,0,0,0,0,0,2,0,0,0,0,0,0,0,0,0,0,0,0,0,0
milleow01,219,18,73,4,10,0,1,0,45,0,2,0,32,39,2,0,0,26,100,75,33,2,24,20,20,50,105
millsal02,1,0,1,0,0,0,0,0,0,0,0,0,0,0,0,0,0,0,0,1,0,0,0,0,1,0,0
miranjo01,158,11,42,2,13,0,1,2,35,0,7,0,6,31,2,0,0,12,65,59,18,0,14,11,14,43,76
mitchca01,51,3,19,1,2,0,0,0,8,0,1,0,0,9,4,0,0,4,19,15,12,0,5,6,1,16,23
mitchga01,35,4,10,1,6,0,0,0,4,0,1,0,14,4,0,0,0,7,16,9,5,1,5,7,0,7,16
molinya01,175,6,60,0,11,1,0,0,34,0,3,0,3,41,1,0,1,17,80,65,22,0,10,12,14,46,93
monasan01,73,11,17,2,3,0,0,0,19,0,4,0,6,9,3,0,0,5,31,29,10,0,7,10,4,13,39
moncayo01,315,27,98,7,29,0,2,1,45,0,6,0,14,36,12,0,0,54,139,112,33,2,32,25,21,66,171
mondera02,38,6,16,1,5,0,0,0,5,0,1,0,10,2,0,0,0,2,14,15,6,0,4,4,5,7,18
mondona01,0,0,0,0,0,0,0,0,0,0,0,0,4,0,0,0,0,0,0,0,0,0,0,0,0,0,0
moniami01,125,6,43,9,15,0,0,0,14,0,3,0,8,11,1,0,0,23,56,39,21,0,12,11,12,19,71
monteco01,14,2,3,0,1,0,0,0,2,0,0,0,6,4,0,0,0,2,7,3,2,0,1,2,2,2,7
monteel01,123,15,35,0,9,0,0,0,17,0,4,0,11,30,0,0,1,12,58,44,13,1,14,11,15,33,50
mooredy01,141,9,48,3,5,1,0,0,31,0,3,0,18,15,5,0,1,20,58,56,17,0,9,17,8,35,72
moranco01,114,11,38,2,12,0,0,0,16,0,1,0,6,21,0,0,1,14,55,36,13,0,11,5,6,33,59
morelch01,188,17,42,2,15,0,0,3,48,0,6,0,12,43,1,0,0,13,87,67,19,2,17,17,12,30,112
morelmi01,52,5,16,5,2,0,0,0,7,0,0,0,3,5,3,0,0,9,21,19,7,0,6,4,7,9,26
morenga01,143,9,41,1,7,0,0,0,29,0,4,0,0,29,5,0,0,18,61,52,20,1,25,6,16,29,67
morofma01,3,0,1,0,0,0,0,0,1,0,0,0,1,1,0,0,0,0,1,1,1,0,0,0,0,0,3
mortoch02,7,1,5,0,0,0,0,0,1,0,0,0,0,0,0,0,0,0,4,2,1,0,0,0,2,1,4
motteta01,23,1,6,0,1,0,0,0,7,0,1,0,1,4,0,0,0,3,8,10,1,0,1,2,1,6,13
mountry01,398,38,109,3,39,0,0,0,62,0,11,0,22,87,4,0,3,44,195,119,52,1,42,37,16,80,223
moustmi01,178,15,57,5,10,0,0,0,33,0,6,0,24,26,3,0,1,22,65,64,36,1,12,16,13,39,98
mulleky01,1,0,0,0,0,0,0,0,1,0,0,0,0,0,0,0,0,0,0,1,0,0,1,0,0,0,0
mullice01,434,32,141,10,33,0,0,0,76,0,8,0,8,54,14,0,2,64,177,145,67,1,54,46,34,99,201
muncyma01,342,29,101,10,25,0,0,1,51,0,5,0,12,60,3,0,1,57,157,127,40,1,28,18,21,70,205
munozya01,17,2,3,0,4,0,0,0,4,0,0,0,0,3,0,0,0,1,9,4,1,0,3,3,1,2,8
murphse01,315,20,102,2,21,0,0,1,58,0,12,0,30,61,7,0,0,31,129,102,51,0,24,22,22,57,190
murphto04,112,10,37,2,7,0,0,1,18,0,2,0,14,23,0,0,0,14,55,43,10,0,5,9,13,28,57
musgrjo01,7,1,3,0,1,0,0,0,1,0,0,0,3,1,0,0,0,0,2,4,0,0,2,3,1,0,1
muzzisi01,3,0,1,0,0,0,0,0,0,0,0,0,1,0,0,0,0,2,2,1,0,0,0,0,0,2,1
myersda01,26,1,4,0,4,0,0,0,5,0,2,0,2,3,2,0,0,5,17,6,2,0,1,2,2,6,15
myerswi01,208,8,78,1,9,0,0,1,51,0,1,0,19,36,4,0,1,18,67,88,34,2,27,21,27,35,98
naquity01,183,14,59,2,18,0,0,0,25,0,2,0,21,25,6,0,0,32,85,56,22,1,14,22,10,41,96
narvaom01,196,13,79,3,17,1,0,0,24,0,0,0,11,26,2,0,0,31,83,75,24,0,22,18,15,42,99
navarbr01,0,0,0,0,0,0,0,0,0,0,0,0,1,0,0,0,0,0,0,0,0,0,0,0,0,0,0
naylobo01,48,2,14,1,2,0,0,0,9,0,1,0,5,10,0,0,0,9,19,24,3,0,8,0,2,12,26
naylojo01,327,27,126,6,20,0,0,0,45,0,7,0,21,45,8,0,2,42,142,106,59,0,39,24,28,64,172
netoza01,73,9,26,1,5,0,0,0,16,0,1,0,5,9,1,0,1,4,26,22,21,1,8,6,3,14,42
neusesh01,69,5,21,1,4,0,0,1,9,0,3,0,14,14,2,0,0,9,30,22,6,0,15,3,7,15,29
nevinty01,61,4,18,2,5,0,0,0,11,0,1,0,13,8,1,0,0,11,30,16,9,0,9,5,5,14,28
newmake01,277,23,87,1,14,0,1,2,69,0,11,0,7,37,3,0,1,28,106,113,31,1,33,34,26,63,121
nidoto01,126,9,36,0,8,0,0,0,36,0,1,0,3,24,2,0,0,10,49,45,22,0,14,10,10,26,66
nimmobr01,438,35,143,8,25,0,0,0,84,0,12,0,1,65,18,0,2,46,183,149,77,2,54,49,32,116,187
nodary01,102,4,51,2,6,0,0,0,9,0,4,0,7,11,2,0,1,12,33,38,22,1,9,9,10,19,55
nogowjo01,35,2,8,0,0,0,0,1,10,0,0,0,5,8,1,0,0,5,15,15,2,0,1,2,0,12,20
nolaaa01,7,1,6,0,0,0,0,0,0,0,0,0,0,0,0,0,0,0,2,4,1,0,1,1,1,4,0
nolaau01,163,5,57,0,8,0,0,0,43,0,1,0,8,30,2,0,0,17,65,68,20,0,15,13,18,45,72
nollja01,1,0,1,0,0,0,0,0,0,0,0,0,0,0,0,0,0,0,0,1,0,0,1,0,0,0,0
nootbla01,208,25,80,5,10,0,0,2,34,0,1,0,2,17,2,0,0,32,78,93,25,2,23,21,10,49,105
nottija01,7,1,1,0,1,0,0,0,0,0,0,0,7,2,0,0,1,1,5,1,0,0,2,0,1,1,3
nunezdo01,60,4,28,0,5,0,0,0,7,0,1,0,5,7,1,0,0,7,19,28,9,0,7,5,6,17,25
nunezre01,15,1,6,0,0,0,0,0,1,0,1,0,0,4,0,0,0,2,6,4,3,1,2,2,5,2,4
oberba01,1,0,0,0,0,0,0,0,1,0,0,0,0,0,0,0,0,0,0,1,0,0,0,0,0,0,1
odomjo01,2,0,2,0,0,0,0,0,0,0,0,0,3,0,0,0,0,0,0,2,0,0,0,1,0,0,1
odorro01,183,17,60,5,11,0,1,0,38,0,2,0,11,24,8,0,0,17,72,67,32,0,24,17,6,36,100
ogradbr01,8,0,4,0,1,0,0,0,2,0,0,0,7,1,0,0,0,0,2,3,2,0,2,1,0,2,3
ohearry01,197,22,75,7,11,0,0,0,23,0,3,0,19,24,8,0,0,24,83,66,39,2,24,18,15,43,97
ohopplo01,57,5,17,1,2,0,0,0,16,0,5,0,4,5,1,0,0,5,17,27,9,0,5,3,4,13,32
ohtansh01,462,44,146,14,33,0,0,1,55,0,15,0,14,67,13,0,2,72,230,144,57,2,44,26,25,75,292
okeefbr01,6,0,1,0,1,0,0,0,0,0,1,0,4,1,0,0,0,2,3,0,1,0,0,1,1,3,1
okeych01,2,0,1,0,0,0,0,0,0,0,0,0,1,1,0,0,0,0,1,1,0,0,0,1,0,0,1
olivaed02,173,10,51,3,12,0,0,0,34,0,10,0,17,34,2,0,0,19,82,52,26,0,15,13,10,41,94
olivaja01,10,1,4,0,1,0,0,0,1,0,0,0,1,2,0,0,0,1,4,4,0,0,3,2,0,2,3
olsonma02,487,42,181,12,32,0,0,1,75,0,12,0,30,61,8,0,2,61,193,181,75,3,37,42,34,93,281
oneilty01,287,20,88,5,18,0,0,0,69,0,8,0,4,45,5,0,0,29,121,99,42,2,28,16,17,58,168
orneljo01,2,0,0,0,0,0,0,0,1,0,0,0,8,0,0,0,0,1,0,1,0,0,0,1,0,1,0
ortegra01,191,8,66,7,12,0,0,1,36,0,2,0,13,28,2,0,1,28,76,60,36,2,19,18,13,44,97
ortizjo06,8,3,6,0,0,0,0,0,1,0,0,0,2,0,0,0,0,0,3,3,2,0,2,1,0,2,3
outmaja01,132,12,35,4,8,0,1,0,23,0,5,0,10,20,1,0,0,23,64,38,20,0,14,10,7,27,74
overtco01,1,0,0,0,0,0,0,0,1,0,0,0,0,0,0,0,0,0,0,1,0,0,1,0,0,0,0
oviedjo01,3,1,0,0,0,0,0,0,2,0,0,0,0,0,0,0,0,0,2,0,1,0,2,0,0,1,0
owenhu01,4,1,1,0,0,0,0,0,0,0,0,0,2,1,0,0,0,1,2,1,1,0,0,0,0,2,2
owingch01,32,1,11,1,1,0,0,0,5,0,0,0,6,5,2,0,0,6,17,13,1,0,5,3,1,7,16
ozunama01,298,23,89,5,12,0,1,3,69,0,8,0,22,55,8,0,0,25,117,113,48,0,13,12,18,64,191
pachecr01,74,6,22,0,6,0,0,0,14,0,4,0,14,14,0,0,1,8,31,24,7,0,7,6,7,19,35
paddach01,1,0,1,0,0,0,0,0,0,0,0,0,0,0,0,0,0,0,1,0,0,0,1,0,0,0,0
padloke01,6,0,2,0,0,0,0,0,3,0,0,0,1,1,0,0,0,0,2,2,2,0,0,0,1,3,2
palacje01,12,1,4,0,2,0,1,0,2,0,0,0,1,2,0,0,0,0,3,4,2,0,2,1,1,0,8
palacjo01,85,6,30,2,6,0,0,1,12,0,3,0,1,13,1,0,0,11,36,29,16,0,12,7,1,19,46
palacri01,55,4,19,1,5,0,0,0,8,0,1,0,10,6,1,0,0,10,26,16,9,0,12,4,5,10,24
palkada01,5,0,2,0,0,0,0,0,3,0,0,0,4,0,0,0,0,0,0,4,1,0,1,0,1,0,3
panikjo01,55,3,26,1,3,0,0,0,10,0,0,0,0,7,1,0,1,3,19,20,14,0,6,7,4,8,30
papiemi01,14,2,4,0,1,0,0,0,2,0,0,0,4,1,0,0,0,4,9,4,1,0,2,0,0,4,8
paredis01,219,18,81,2,9,0,0,0,38,0,10,0,1,33,2,0,0,26,83,80,43,0,27,21,17,47,107
parisky01,4,2,2,0,0,0,0,0,0,0,0,0,0,0,0,0,0,0,1,0,2,1,0,1,0,1,2
parkho01,48,6,22,1,4,0,1,0,8,0,0,0,10,4,0,0,0,2,19,23,4,0,8,2,6,16,16
parrage01,26,1,14,1,3,0,0,0,2,0,0,0,5,4,0,0,0,1,6,12,5,0,1,2,5,6,12
pasquvi01,135,12,43,8,8,0,0,0,19,0,6,0,11,15,5,0,1,20,69,42,16,1,12,8,13,28,74
paulegr01,2,0,0,0,0,0,0,0,0,0,0,0,0,2,0,0,0,0,2,0,0,0,1,0,0,0,1
paynety01,0,0,0,0,0,0,0,0,0,0,0,0,1,0,0,0,0,0,0,0,0,0,0,0,0,0,0
paytoma01,7,1,2,0,0,0,0,0,0,0,0,0,10,2,1,0,0,1,4,3,0,0,0,0,1,1,5
peacoma01,4,1,1,0,0,0,0,0,0,0,0,0,0,2,0,0,0,0,3,1,0,0,2,0,0,0,2
pederjo01,308,28,102,9,20,0,1,1,49,0,4,0,11,44,6,0,2,42,123,115,51,1,40,25,18,59,166
pegueli01,49,2,17,2,2,0,0,0,12,0,1,0,3,4,2,0,0,8,19,18,11,0,4,7,5,7,26
penafr01,0,0,0,0,0,0,0,0,0,0,0,0,2,0,0,0,0,0,0,0,0,0,0,0,0,0,0
penaje02,326,29,94,4,22,0,0,4,58,0,18,0,17,65,6,0,0,26,146,104,49,2,32,37,30,78,149
peralda01,353,32,127,11,20,0,0,1,59,0,7,0,12,37,8,0,0,51,147,123,64,2,37,30,30,84,172
peralfr01,4,0,2,0,0,0,0,0,2,0,0,0,1,0,0,0,0,0,1,3,0,0,0,0,0,1,3
perazjo01,36,3,12,0,1,0,0,0,8,0,2,0,2,8,1,0,0,1,15,14,5,0,5,6,5,7,13
perazos02,51,5,11,0,1,0,0,0,9,0,7,0,2,12,1,0,0,5,30,11,9,0,8,5,5,8,25
perdoge01,220,25,82,11,11,0,0,1,38,0,2,0,6,19,0,0,2,31,83,93,36,0,26,31,21,38,104
pereiev01,15,2,5,0,0,0,0,0,5,0,0,0,0,3,0,0,0,0,6,8,1,0,1,2,1,1,10
perezca02,43,1,13,0,1,0,0,0,7,0,1,0,9,9,1,0,0,10,19,17,4,0,2,3,3,7,28
perezca03,15,0,4,1,1,0,0,0,6,0,1,0,1,2,0,0,0,0,4,7,2,1,2,2,1,2,8
perezhe01,5,1,2,0,0,0,0,0,1,0,0,0,6,1,0,0,0,0,1,2,1,0,0,1,0,2,2
perezjo02,0,0,0,0,0,0,0,0,0,0,0,0,2,0,0,0,0,0,0,0,0,0,0,0,0,0,0
perezmi03,57,8,29,1,2,0,0,0,6,0,0,0,4,5,1,0,0,6,21,22,11,0,2,3,5,17,30
perezro02,45,2,21,0,1,0,0,0,10,0,0,0,6,5,2,0,0,4,12,23,8,0,3,4,1,9,28
perezsa02,422,27,133,8,17,1,0,0,80,1,17,0,21,89,9,0,0,41,193,143,61,0,29,28,27,80,258
perkibl01,33,0,10,0,4,0,0,0,4,0,0,0,5,7,0,0,0,12,15,9,4,0,6,4,2,7,14
peterda01,2,0,0,0,0,0,0,0,0,0,0,0,0,2,0,0,0,0,2,0,0,0,0,0,0,1,1
peterdj01,45,5,18,1,1,0,0,0,4,0,1,0,3,13,0,0,0,3,20,18,3,0,7,3,4,6,25
peterdu01,1,1,0,0,0,0,0,0,0,0,0,0,2,0,0,0,0,0,1,0,0,0,0,0,0,0,1
peterja01,215,19,73,4,11,0,1,0,34,0,4,0,16,34,3,0,0,32,92,75,34,0,26,26,15,41,107
phamth01,367,25,127,5,16,0,0,0,96,1,9,0,16,55,3,0,0,32,134,150,62,2,29,35,27,80,196
phillbr02,95,7,34,2,4,0,0,0,23,0,0,0,7,10,2,0,0,13,28,38,20,2,9,11,9,19,47
pillake01,129,12,42,0,7,1,0,1,30,0,0,0,7,19,0,0,0,17,59,51,12,0,9,17,9,32,62
pinama01,38,3,13,0,2,0,0,1,11,0,0,0,5,7,0,0,0,3,18,11,7,0,5,1,5,8,19
pindech01,139,12,41,1,12,0,0,1,27,0,4,0,21,17,1,0,0,23,74,40,11,0,7,14,13,25,80
pinedis01,2,0,0,0,0,0,0,0,1,0,0,0,3,1,0,0,0,0,1,1,0,0,0,1,0,1,0
pintore02,49,5,12,0,2,0,0,0,13,0,1,0,7,11,1,0,0,4,23,20,4,0,5,5,6,6,27
piscost01,62,3,14,1,5,0,0,0,9,0,3,0,11,15,2,0,0,10,34,15,5,0,5,2,2,13,40
plaweke01,86,10,34,1,5,0,0,1,11,0,3,0,10,16,0,0,0,5,38,31,9,1,12,8,6,18,42
plummni01,4,1,3,0,0,0,0,0,0,0,0,0,1,0,0,0,0,0,2,1,1,0,0,0,0,3,1
polangr01,72,5,22,5,5,0,0,0,14,0,0,0,1,15,2,0,0,5,35,25,7,0,8,5,6,12,41
polanjo01,334,27,107,6,28,0,0,0,56,0,4,0,11,40,2,0,0,64,130,126,49,0,31,23,23,74,183
polloaj01,268,20,83,4,17,0,2,1,56,0,6,0,11,55,3,0,0,21,109,96,39,0,24,20,21,58,145
portelo01,8,0,3,0,0,0,0,0,2,0,1,0,4,2,0,0,0,0,3,5,0,0,0,1,0,3,4
poseybu01,126,11,48,1,7,0,0,1,25,0,2,0,3,14,4,0,0,13,46,49,22,0,14,10,5,23,74
poteeco01,1,1,0,0,0,0,0,0,0,0,0,0,0,0,0,0,0,0,1,0,0,0,1,0,0,0,0
pozoyo01,21,2,5,0,1,0,0,0,8,0,0,0,1,4,0,0,0,1,6,10,2,0,1,3,3,4,10
prattni01,102,6,29,4,7,0,0,0,17,0,7,0,15,10,3,0,0,19,45,37,15,0,9,5,7,23,58
priceda01,5,0,4,0,0,0,0,0,1,0,0,0,0,0,0,0,0,0,0,4,1,0,0,1,1,1,2
proctfo01,4,0,2,0,0,0,0,0,1,0,0,0,10,0,0,0,0,1,1,1,2,0,0,0,0,2,2
profaju01,346,33,126,4,17,0,0,1,75,0,5,0,11,30,10,0,1,45,115,142,69,0,40,43,20,79,164
puellce01,0,0,0,0,0,0,0,0,0,0,0,0,3,0,0,0,0,0,0,0,0,0,0,0,0,0,0
pujolal01,159,10,67,0,8,0,0,2,32,0,0,0,6,24,4,0,0,12,55,67,24,0,12,10,15,30,92
quantca01,1,0,1,0,0,0,0,0,0,0,0,0,0,0,0,0,0,0,0,1,0,0,1,0,0,0,0
quereju01,6,0,4,0,0,0,0,0,1,0,0,0,2,1,0,0,0,0,2,4,0,0,0,1,0,3,2
quinnro01,34,7,12,0,2,0,0,0,6,0,0,0,2,4,0,0,1,2,17,11,6,0,3,5,3,5,18
quintjo01,1,0,1,0,0,0,0,0,0,0,0,0,0,0,0,0,0,0,0,0,1,0,1,0,0,0,0
quiroes01,12,2,2,0,1,0,0,0,3,0,0,0,4,3,0,0,0,1,3,5,2,0,0,3,1,5,3
rafaece01,27,3,7,0,0,0,0,0,8,0,2,0,10,5,1,0,0,1,8,12,4,0,7,1,1,4,14
raleica01,229,18,71,10,15,0,0,0,35,0,5,0,13,27,6,0,0,42,104,73,37,1,19,14,15,49,132
raleylu01,124,7,47,3,11,0,0,1,10,0,2,0,6,18,2,0,1,22,48,42,19,1,14,10,13,24,63
ramirha02,343,26,117,3,22,0,0,0,48,0,9,0,10,77,4,0,2,38,167,99,59,1,49,41,35,84,134
ramirjo01,503,40,161,13,33,1,0,0,67,0,13,0,26,63,16,0,2,95,232,161,70,4,59,53,43,91,257
ramoshe01,30,5,12,2,0,0,0,0,1,0,1,0,3,3,0,0,0,6,12,13,3,0,5,3,2,9,11
ramoshe02,12,2,2,0,0,0,0,0,3,0,0,0,12,3,0,0,0,2,6,3,2,0,0,2,2,3,5
ramoswi01,36,1,11,1,0,0,0,0,8,0,0,0,0,11,0,0,0,4,19,10,6,0,3,3,3,7,20
rasmudr01,1,0,1,0,0,0,0,0,0,0,0,0,0,0,0,0,0,0,0,1,0,0,0,0,0,1,0
ravelra01,1,0,1,0,0,0,0,0,0,0,0,0,4,0,0,0,0,0,1,0,0,0,0,0,0,1,0
rayco01,0,0,0,0,0,0,0,0,0,0,0,0,4,0,0,0,0,0,0,0,0,0,0,0,0,0,0
realmjt01,439,29,128,4,28,0,0,1,113,0,10,0,0,74,6,0,4,44,175,164,71,0,40,34,33,99,233
reddijo01,39,1,17,3,3,0,0,0,5,0,0,0,0,7,1,0,0,2,18,12,6,1,3,5,1,11,19
reetzja01,1,0,1,0,0,0,0,0,0,0,0,0,1,2,0,0,0,0,1,0,0,0,0,0,0,0,1
refsnro01,134,14,43,1,10,0,0,1,22,0,5,0,10,18,1,0,1,19,58,44,17,0,12,10,8,32,72
reinhja01,0,0,0,0,0,0,0,0,0,0,0,0,5,0,0,0,0,0,0,0,0,0,0,0,0,0,0
reksza01,11,2,4,0,0,0,0,0,2,0,0,0,3,1,0,0,0,2,5,3,3,0,1,1,0,1,8
remilza01,37,0,13,1,4,0,0,0,10,0,2,0,13,4,0,0,0,3,11,17,5,0,3,5,5,12,12
rendoan01,142,10,55,1,2,0,0,1,32,0,2,0,11,24,2,0,0,13,48,61,26,0,14,7,12,37,72
renfrhu01,383,31,118,2,22,0,1,1,83,0,11,0,18,77,7,0,1,30,152,133,60,3,36,27,29,68,223
rengilu01,274,24,98,4,20,0,1,0,40,0,4,0,16,25,9,0,2,47,113,101,38,1,38,26,24,58,128
reyesfr01,219,12,71,3,9,0,0,0,50,0,5,0,23,51,2,0,2,15,100,75,32,1,21,16,17,46,119
reyespa01,78,5,21,0,5,0,0,1,16,0,10,0,10,8,3,0,0,9,38,20,12,0,8,12,6,15,37
reyesvi01,148,11,48,1,15,0,0,0,15,0,4,0,3,18,2,0,0,34,70,39,24,0,15,11,15,35,72
reynobr01,497,46,170,10,38,0,1,0,85,0,5,0,5,60,10,0,1,71,205,185,63,3,52,35,36,113,261
reynoma03,62,1,13,1,6,0,0,0,20,0,4,0,6,12,1,0,0,4,25,19,11,0,12,4,6,13,27
richaga01,1,0,1,0,0,0,0,0,0,0,0,0,0,0,0,0,0,0,0,1,0,0,0,0,0,1,0
riddljt01,4,0,1,0,1,0,0,0,0,0,0,0,2,0,0,0,0,2,1,0,1,0,0,0,0,1,3
rileyau01,555,33,150,4,43,0,1,5,118,0,14,0,22,104,14,0,3,67,227,194,79,0,56,43,43,89,324
riosed01,30,2,9,0,2,0,0,1,7,0,1,0,13,3,0,0,0,5,13,13,1,0,5,1,0,4,20
rivasal01,100,7,35,1,6,0,1,0,20,0,3,0,13,9,2,0,0,16,38,40,18,0,8,15,7,21,49
rivaswe01,15,1,5,0,1,0,0,0,3,0,0,0,3,2,1,0,0,2,5,8,1,0,0,2,2,4,7
riverem01,173,8,56,2,10,1,0,0,36,0,6,0,12,30,5,0,0,19,73,59,29,0,14,17,15,34,93
riverre01,16,0,6,0,0,0,0,0,2,0,0,0,0,7,0,0,0,1,7,8,1,0,1,1,3,3,8
riverse01,11,1,1,0,0,0,0,0,1,0,1,0,3,2,0,0,0,5,9,1,0,0,1,1,1,1,7
rizzoan01,343,24,129,12,24,0,0,0,46,0,7,0,7,42,10,0,1,48,145,117,50,1,28,28,22,81,184
roberda10,15,0,5,0,1,0,0,0,3,0,0,0,5,5,0,0,0,1,7,2,4,0,0,2,0,3,10
roberkr01,7,0,3,0,0,0,0,0,1,0,0,0,1,2,0,0,0,1,3,3,1,0,4,0,0,2,1
roberlu01,355,36,97,4,19,0,0,0,66,0,17,0,21,78,6,0,1,34,171,112,49,2,46,22,17,59,211
robinch04,8,0,1,0,1,0,0,0,2,0,1,0,3,1,0,0,0,2,5,2,0,0,0,0,1,2,5
roblevi01,186,14,56,0,14,0,0,0,53,0,2,0,23,30,1,0,0,16,69,81,20,4,29,24,8,42,83
robsoja01,1,0,0,0,0,0,0,0,0,0,0,0,0,1,0,0,0,0,1,0,0,0,0,0,0,0,1
rocchbr01,27,4,12,0,2,0,0,0,0,0,1,0,12,6,0,0,0,2,12,7,4,1,3,6,0,10,8
rodgebr02,308,24,95,6,24,0,0,2,44,0,9,0,4,63,4,0,1,36,135,100,38,1,28,37,37,69,137
rodrien01,42,2,16,0,3,0,0,0,7,0,2,0,0,3,1,0,0,8,16,15,9,0,2,2,4,8,26
rodrijo09,0,0,0,0,0,0,0,0,0,0,0,0,4,0,0,0,0,0,0,0,0,0,0,0,0,0,0
rodriju01,334,24,92,7,24,0,0,0,59,0,16,0,33,79,3,0,0,32,167,101,47,0,45,27,25,57,180
rogerja03,109,5,36,0,7,0,0,0,21,0,4,0,1,22,1,0,0,13,43,38,14,0,8,9,5,19,68
rogertr01,4,0,2,0,0,0,0,0,1,0,0,0,0,1,0,0,0,0,3,1,0,0,1,0,1,1,1
rojasjo01,344,23,122,9,20,0,0,0,64,0,1,1,9,49,9,0,0,46,150,124,54,1,39,44,32,88,141
rojasjo02,50,1,17,0,1,0,0,0,11,0,2,0,13,5,1,0,0,12,23,20,4,0,3,7,5,8,27
rojasjo03,57,4,21,0,2,0,1,0,8,0,2,0,1,12,4,0,0,4,28,19,6,0,11,9,3,10,24
rojasmi02,351,33,110,5,20,0,1,0,70,2,5,0,3,64,6,0,0,35,143,147,31,0,34,39,28,91,159
romerst01,1,0,0,0,0,0,0,0,0,0,0,0,1,1,0,0,0,0,1,0,0,0,0,0,0,1,0
rominan01,13,2,6,0,1,0,0,0,2,0,0,0,1,1,0,0,0,1,4,6,2,0,3,3,1,2,4
rominau01,33,1,10,0,1,0,0,0,7,0,1,0,2,9,1,0,0,4,15,13,4,0,5,3,6,6,13
rondojo02,24,1,5,1,2,0,0,0,3,0,2,0,0,6,1,0,0,3,15,5,1,0,2,2,1,6,13
rookebr01,160,19,59,0,7,0,0,0,33,0,5,0,8,17,2,0,1,17,60,59,34,0,9,13,12,27,99
rortvbe01,28,2,9,0,3,0,0,0,7,0,0,0,0,3,0,0,1,3,10,15,1,0,3,1,2,5,17
rosaram01,482,39,131,7,30,1,0,0,82,0,15,0,19,107,9,0,3,59,244,139,59,2,67,57,44,101,213
rosared01,299,22,97,12,24,0,0,0,31,0,5,0,14,44,8,0,5,53,136,100,40,2,24,21,30,56,168
rosareg01,12,0,6,0,0,0,0,0,3,0,2,0,7,0,0,0,0,1,4,4,3,0,2,4,1,0,5
rossjo01,8,0,2,0,1,0,0,0,4,0,0,0,0,1,0,0,0,0,3,4,1,0,0,0,1,4,3
rufda01,151,8,54,1,9,0,0,0,39,0,0,0,9,20,2,0,0,19,56,64,20,0,11,9,12,29,90
ruizes01,125,9,39,2,5,0,0,0,25,0,4,0,9,27,3,0,0,11,53,47,18,1,24,14,10,17,60
ruizke01,265,14,95,3,17,0,0,0,44,0,6,0,19,37,5,0,0,44,110,93,46,2,27,25,21,64,128
ruizri01,24,3,12,0,2,0,0,0,4,0,0,0,6,3,0,0,0,0,8,13,2,0,4,2,3,4,11
ruthebl01,6,1,2,0,0,0,0,0,2,0,0,0,1,1,0,0,0,0,1,3,2,0,0,1,1,2,2
rutscad01,269,18,105,13,11,0,0,0,38,0,4,0,9,31,3,0,3,43,115,92,52,2,22,16,17,71,143
sabolbl01,74,14,28,1,4,0,0,0,15,0,2,0,6,3,2,0,0,6,20,38,11,2,12,9,7,10,36
salazce01,2,0,1,0,0,0,0,0,1,0,0,0,2,0,0,0,0,0,0,0,2,0,0,0,0,0,2
sanchad01,11,2,2,0,0,0,0,0,5,0,0,0,1,1,0,0,0,1,6,4,1,0,2,0,2,1,6
sanchal04,4,0,1,0,0,0,0,0,0,0,0,0,3,2,0,0,0,1,2,1,0,0,1,0,1,1,1
sanchca01,9,0,5,0,0,0,0,0,1,0,0,0,11,0,1,0,0,2,3,5,1,0,3,0,1,1,4
sanchga02,224,20,77,1,14,0,0,0,41,0,5,0,8,44,6,0,0,18,88,86,31,1,21,13,10,39,141
sanchje02,227,16,85,2,19,0,1,0,36,0,3,0,5,28,2,0,2,33,88,89,37,1,27,16,19,31,134
sandopa01,19,1,14,1,1,0,0,0,1,0,0,0,7,2,1,0,0,0,5,5,7,0,2,1,0,4,12
sandopa02,1,0,1,0,0,0,0,0,0,0,0,0,0,0,0,0,0,0,0,1,0,0,1,0,0,0,0
sandsdo01,3,0,1,0,0,0,0,0,0,0,1,0,1,1,0,0,0,0,2,1,0,0,0,0,0,2,1
sanomi01,124,13,44,2,5,0,0,0,27,0,1,0,4,19,1,0,0,12,50,50,18,0,11,3,9,29,72
santaan02,399,27,132,15,27,0,0,1,68,0,7,0,17,42,13,0,1,66,176,123,70,0,32,22,26,92,227
santaca01,355,21,149,8,17,0,0,1,55,0,1,0,21,34,6,0,1,62,145,129,63,2,38,24,22,90,181
santada01,21,1,9,0,1,0,0,0,2,0,0,0,0,2,1,0,0,5,6,6,6,0,5,2,5,0,9
santito01,1,0,0,0,0,0,0,0,0,0,0,0,0,1,0,0,0,0,0,0,0,0,0,0,0,0,1
schanno01,33,4,12,0,2,0,0,0,3,0,1,0,1,4,2,0,0,5,17,7,8,0,5,1,2,6,19
schebsc01,7,0,2,0,1,0,0,1,0,0,0,0,7,1,0,0,0,2,5,1,0,0,1,0,0,4,2
schmica01,52,4,14,1,6,0,0,0,11,0,3,0,5,8,0,0,0,5,23,15,8,0,2,8,7,4,31
schneda03,34,4,10,0,1,0,1,0,8,0,2,0,0,6,0,0,0,2,14,13,3,0,4,2,4,5,19
schoojo01,315,27,114,2,16,0,1,0,54,0,7,0,1,62,3,0,0,30,126,111,46,3,32,31,25,74,153
schroma01,41,3,21,2,6,0,0,0,6,0,0,0,19,0,0,0,0,3,8,16,12,0,4,2,5,12,18
schwaky01,396,38,141,5,31,0,0,0,82,0,6,0,5,35,11,0,1,47,159,161,48,1,28,24,15,61,268
schwifr01,139,10,49,2,7,0,0,0,24,0,3,0,14,28,4,0,0,14,58,49,24,0,11,16,19,32,61
scottvi01,3,0,0,1,0,0,0,0,3,0,0,0,1,0,0,0,0,0,1,1,1,0,1,1,0,1,0
seageco01,450,26,130,16,47,0,1,0,60,0,19,0,20,71,8,0,0,72,205,139,46,3,43,31,37,86,253
seageky01,128,12,52,1,9,0,0,0,20,0,1,0,9,17,3,0,0,13,56,45,17,0,13,13,8,27,67
segurje01,344,19,86,3,21,1,0,0,86,0,13,0,0,68,5,0,3,43,153,128,41,0,60,50,28,73,133
semiema01,552,48,175,6,38,0,0,1,112,0,17,0,14,94,9,0,0,52,216,205,87,0,62,49,45,128,268
senzaan01,2,1,0,0,0,0,0,0,0,0,1,0,0,0,0,0,0,0,1,1,0,0,2,0,0,0,0
senzeni01,186,14,55,1,18,0,0,1,45,0,4,0,22,30,3,0,0,15,70,71,23,1,24,13,15,40,94
servebr01,48,3,8,0,6,0,0,0,7,0,1,0,4,16,1,0,0,6,29,11,4,0,4,5,6,10,23
severpe01,101,10,33,0,3,0,0,0,23,0,0,0,18,14,4,0,0,14,40,38,18,0,8,8,10,16,59
shawch01,1,0,1,0,0,0,0,0,0,0,0,0,1,0,0,0,0,0,0,1,0,0,0,0,0,0,1
shawtr01,45,5,12,1,5,0,0,0,9,0,0,0,9,9,1,0,0,3,18,12,11,0,6,6,5,5,23
sheetga01,197,22,71,11,15,0,1,0,19,0,3,0,22,18,7,0,0,32,83,76,23,2,23,20,13,42,99
sheffju01,1,0,1,0,0,0,0,0,0,0,0,0,0,0,0,0,0,0,0,1,0,0,0,0,0,0,1
shewmbr01,5,0,2,0,0,0,0,0,0,0,0,0,5,3,0,0,0,0,3,1,1,0,0,0,0,2,3
shortza01,76,2,22,0,3,0,0,0,13,0,5,0,2,22,2,0,0,7,32,31,5,0,5,11,9,16,35
sianimi01,9,0,6,1,0,0,0,0,2,0,1,0,4,1,0,0,0,0,3,3,3,0,1,0,0,3,5
sierrma01,67,7,23,0,6,0,0,0,15,0,1,0,5,7,0,0,1,7,24,30,7,0,11,9,11,15,21
simmoan01,104,11,30,0,3,0,0,1,20,0,1,0,4,21,6,0,0,12,45,34,14,0,15,16,9,22,42
singljo02,16,1,5,1,0,0,0,0,6,0,0,0,6,1,0,0,0,2,5,7,4,0,2,1,0,1,12
sirijo01,166,7,45,1,12,0,0,1,29,0,11,0,4,37,4,0,0,20,81,52,17,0,23,12,13,32,86
siscoch01,11,2,4,0,1,0,0,0,2,0,0,0,2,1,0,0,0,1,5,6,0,0,1,1,2,3,4
slateau01,194,15,67,0,11,0,1,1,36,0,6,0,14,25,4,0,2,26,81,75,18,0,15,22,17,43,97
smithca03,2,0,1,0,0,0,0,0,0,0,1,0,1,0,0,0,0,0,2,0,0,0,0,1,0,0,1
smithca05,13,2,6,0,0,0,0,0,1,0,1,0,4,2,0,0,0,2,5,7,1,1,3,1,1,1,7
smithdo02,282,20,90,3,36,0,0,0,49,0,3,0,15,40,7,0,0,34,104,108,37,1,31,32,16,58,145
smithdw02,0,0,0,0,0,0,0,0,0,0,0,0,3,0,0,0,0,0,0,0,0,0,0,0,0,0,0
smithjo11,84,13,37,0,4,0,1,1,10,0,2,0,14,8,2,0,0,6,38,23,19,0,7,14,4,20,39
smithke04,16,2,6,1,0,0,0,1,1,0,0,0,0,1,0,0,0,4,9,5,2,0,4,2,0,5,5
smithke05,57,3,12,0,1,0,0,0,10,0,4,0,22,18,0,0,0,9,33,15,4,0,8,5,5,11,28
smithma05,1,0,1,0,0,0,0,0,0,0,0,0,3,0,0,0,0,0,0,0,1,0,0,0,0,0,1
smithpa04,234,18,85,8,9,0,0,0,52,0,4,0,12,27,4,0,0,30,88,96,39,0,29,26,24,45,110
smithwi05,397,31,101,7,34,0,0,0,85,0,10,0,12,77,7,0,0,45,183,129,58,4,26,27,43,90,211
smylydr01,3,0,1,0,1,0,0,0,0,0,0,0,0,1,0,0,0,0,1,0,1,0,2,0,0,1,0
snellbl01,4,0,3,0,0,0,0,0,0,0,0,0,0,1,0,0,0,0,1,3,0,0,0,1,0,1,2
soderty01,21,1,8,0,2,0,0,0,5,0,1,0,3,2,1,0,0,1,8,7,4,0,2,1,1,3,14
sogarer01,42,2,12,1,1,0,0,0,7,0,1,0,10,7,1,0,0,10,23,13,5,0,9,8,5,6,14
solakni01,134,7,39,4,6,0,0,0,28,0,5,0,13,27,3,0,1,14,62,51,13,0,29,11,9,26,59
solando01,276,29,70,0,18,0,0,3,68,0,12,0,18,50,1,0,0,25,120,96,36,1,11,17,20,73,155
solerjo01,321,25,103,2,16,0,0,0,73,0,8,0,13,64,4,0,1,25,125,123,53,5,30,13,13,59,206
sosaed01,208,8,57,2,19,0,0,3,41,0,4,0,4,42,3,1,1,27,96,66,25,1,25,24,12,43,104
sosale01,37,4,7,0,3,0,0,0,11,0,4,0,1,3,0,0,0,5,19,9,5,1,1,6,2,9,19
sotoel01,7,1,3,0,0,0,0,0,0,0,0,0,4,2,0,0,0,1,3,4,0,0,1,0,1,2,3
sotoju01,470,38,168,14,21,0,0,1,85,0,15,0,5,65,10,0,0,54,178,168,92,5,35,46,32,92,265
sotoli01,24,3,12,0,2,0,0,0,4,0,0,0,9,2,0,0,0,1,10,8,3,1,3,2,1,5,13
souzast01,10,0,2,0,0,0,0,0,5,0,1,0,6,0,0,0,1,1,5,3,1,0,2,2,0,1,5
spangco01,3,0,2,0,0,0,0,0,1,0,0,0,1,0,0,0,0,0,0,2,1,0,2,0,0,0,1
springe01,410,34,128,8,22,0,0,0,89,0,13,0,0,70,9,0,1,37,156,143,81,0,56,27,15,93,219
stallja01,224,26,68,1,7,0,0,2,54,0,10,0,4,37,3,1,0,17,102,72,33,1,15,18,17,56,118
stameer01,1,0,1,0,0,0,0,0,0,0,0,0,0,0,0,0,0,0,0,1,0,0,0,0,0,0,1
stammcr01,1,0,0,0,0,0,0,0,0,0,0,0,1,1,0,0,0,0,0,0,0,0,0,0,0,0,1
stantmi03,333,22,89,2,22,0,1,1,67,0,14,0,2,73,5,0,2,35,157,97,51,1,20,22,18,62,211
starlbu01,1,0,0,0,0,0,0,0,1,0,0,0,3,0,0,0,0,0,0,0,1,0,0,0,0,1,0
stassma01,130,10,44,0,7,0,0,0,32,0,0,0,7,19,4,0,1,13,44,54,20,0,14,10,16,26,64
steelju01,2,0,0,0,0,0,0,0,2,0,0,0,0,0,0,0,0,0,1,0,1,0,0,0,0,0,2
steersp01,182,16,41,3,13,0,0,0,50,0,9,0,15,29,5,0,0,17,80,63,25,1,22,23,12,28,97
stefami01,34,1,11,1,1,0,0,0,4,0,3,0,6,7,0,0,0,6,13,11,7,0,5,5,3,5,16
stephty01,268,17,86,1,24,0,0,1,66,1,11,0,33,36,2,0,2,21,105,93,42,1,26,22,23,67,130
stevean01,53,3,25,0,1,0,0,2,6,0,1,0,7,3,0,0,0,12,13,25,11,0,9,7,5,6,26
steveca01,12,0,7,0,1,0,0,0,1,0,0,0,3,1,0,0,0,2,5,5,1,0,0,0,2,5,5
stewach02,2,0,1,0,0,0,0,0,0,0,0,0,0,0,0,0,0,1,0,2,0,0,0,0,0,2,0
stewadj01,102,9,35,2,8,0,0,0,16,0,5,0,3,11,0,0,0,16,42,37,15,1,9,5,11,19,58
stewako01,1,0,1,0,0,0,0,0,0,0,0,0,0,0,0,0,0,0,0,1,0,0,0,0,0,1,0
stoketr01,3,0,0,0,1,0,0,0,0,0,0,0,1,1,0,0,0,1,2,0,0,0,1,0,1,0,1
storytr01,258,17,74,3,14,0,0,1,58,0,9,0,9,45,5,0,1,31,105,96,37,0,45,17,22,41,133
stottbr01,309,25,95,6,19,0,0,1,56,0,8,0,3,43,6,1,1,49,129,105,55,1,41,35,24,72,137
stoweky01,32,2,13,3,4,0,0,0,3,0,1,0,4,1,0,0,1,4,12,11,6,0,2,2,1,6,21
strasst01,1,0,1,0,0,0,0,0,0,0,0,0,0,0,0,0,0,0,0,1,0,0,0,0,0,0,1
strawmy01,389,29,152,1,14,0,0,1,86,0,6,0,24,59,10,0,0,31,141,165,56,3,70,47,31,94,147
stromma01,5,0,3,0,0,0,0,0,1,0,0,0,0,1,0,0,0,0,2,3,0,0,1,2,0,0,2
stubbga01,64,4,27,2,4,0,0,1,9,0,3,0,2,7,0,0,0,7,20,30,6,1,15,14,3,16,16
suareeu01,381,23,131,2,23,0,1,0,86,0,5,0,15,67,8,0,0,35,143,154,59,1,24,21,48,70,218
suarera01,3,0,1,0,1,0,0,0,1,0,0,0,0,0,0,0,0,0,2,1,0,0,0,0,1,2,0
sullibr01,19,0,5,0,1,0,0,0,3,0,0,0,9,6,0,0,0,4,12,6,1,0,1,3,1,6,8
susacan01,1,0,0,0,0,0,0,0,1,0,0,0,0,0,0,0,0,0,0,1,0,0,0,0,0,0,1
suwinja01,176,20,57,2,13,0,1,0,29,0,4,0,5,25,4,0,1,21,77,67,22,0,21,9,13,33,100
suzukku01,74,6,32,0,1,0,0,0,16,0,0,0,4,9,2,0,1,8,25,31,16,1,8,5,10,17,34
suzukse01,252,19,67,4,23,0,0,2,70,1,11,0,11,39,1,0,2,17,99,93,38,0,34,13,19,52,134
swaggtr01,5,0,4,0,0,0,0,0,1,0,0,0,1,0,0,0,0,0,0,2,3,0,2,0,0,0,3
swansda01,480,43,157,3,22,0,0,3,109,0,11,0,18,75,13,0,2,42,177,182,77,3,44,47,38,90,261
swihabl01,0,0,0,0,0,0,0,0,0,0,0,0,1,0,0,0,0,0,0,0,0,0,0,0,0,0,0
szczuma01,1,0,0,0,0,0,0,0,0,0,0,0,0,1,0,0,0,0,1,0,0,0,1,0,0,0,0
tapiara01,286,32,101,10,19,0,0,1,29,0,5,0,8,42,3,0,0,45,128,95,47,0,46,40,24,61,115
tatisfe02,290,19,87,6,11,0,1,1,60,0,9,0,14,54,9,0,3,30,133,91,48,0,33,13,18,59,167
tauchmi01,118,16,37,0,10,0,0,0,16,0,2,0,3,19,4,0,1,14,54,45,15,0,13,14,7,22,62
taverle01,257,14,100,9,18,0,1,2,25,1,4,0,11,38,4,0,1,41,103,86,44,1,26,31,22,59,119
taylobe11,1,0,1,0,0,0,0,0,0,0,0,0,2,0,0,0,0,0,0,1,0,0,0,0,0,0,1
tayloch03,321,22,100,2,16,0,0,1,82,0,3,0,12,61,2,0,0,33,132,116,58,2,25,28,24,70,174
taylomi02,314,35,85,4,19,0,0,1,61,0,15,0,14,63,1,0,1,30,147,97,41,5,40,39,28,53,154
taylosa04,13,0,3,0,1,0,0,0,6,0,1,0,4,0,0,0,0,2,5,5,2,0,2,3,1,1,6
tayloty01,207,12,63,3,12,0,0,3,42,0,7,0,16,38,3,0,1,23,83,80,25,0,14,17,22,45,109
tejedan01,2,0,1,0,1,0,0,0,0,0,0,0,6,0,0,0,0,0,1,1,0,0,0,0,0,1,1
telisto01,0,0,0,0,0,0,0,0,0,0,0,0,6,0,0,0,0,0,0,0,0,0,0,0,0,0,0
tellero01,267,14,89,3,27,0,1,3,34,0,3,0,9,37,5,0,2,50,124,76,40,1,15,13,13,52,174
tenajo01,7,1,2,0,0,0,0,0,2,0,1,0,4,0,0,0,0,1,3,3,1,0,1,1,1,1,3
terrycu01,6,0,3,0,1,0,0,0,1,0,1,0,2,0,0,0,0,0,2,2,1,0,1,0,0,1,4
thaisma01,72,4,22,2,7,0,1,1,8,0,3,0,4,10,3,0,0,11,28,23,12,0,3,7,3,12,47
thameer01,0,0,0,0,0,0,0,0,0,0,0,0,5,0,0,0,0,0,0,0,0,0,0,0,0,0,0
thomaal01,195,16,45,10,14,0,0,3,30,0,10,0,6,38,5,0,0,27,91,59,26,0,31,19,13,44,88
thomaco01,18,3,8,0,2,0,0,0,0,0,1,0,5,0,0,0,0,4,9,3,3,0,3,1,2,2,10
thomadi01,3,1,1,0,0,0,0,0,0,0,0,0,4,1,0,0,0,0,2,1,0,0,0,0,1,0,2
thomala02,348,17,100,3,15,0,0,0,92,0,19,0,16,55,6,0,3,39,134,138,52,0,34,45,25,68,176
thompbu01,54,2,13,1,2,0,0,0,17,0,3,0,11,10,2,0,0,4,22,21,8,0,17,15,3,7,12
thompke02,1,1,0,0,0,0,0,0,0,0,0,0,0,0,0,0,0,0,1,0,0,0,0,0,0,0,1
thomptr01,92,8,21,2,8,0,0,0,28,0,1,0,5,15,1,0,0,8,45,28,16,0,5,6,5,17,59
thompza01,2,1,1,0,0,0,0,0,0,0,0,0,0,0,0,0,0,0,1,1,0,0,1,0,0,1,0
toccica01,0,0,0,0,0,0,0,0,0,0,0,0,1,0,0,0,0,0,0,0,0,0,0,0,0,0,0
toglimi01,60,10,20,0,2,0,0,0,13,0,1,0,10,9,0,0,0,6,19,30,9,0,3,7,4,16,30
tomasya01,0,0,0,0,0,0,0,0,0,0,0,0,2,0,0,0,0,0,0,0,0,0,0,0,0,0,0
tomka01,15,1,7,0,1,0,0,0,2,0,0,0,10,2,1,0,0,1,4,7,3,0,1,3,1,1,9
tomlijo01,1,0,0,0,0,0,0,0,0,0,0,0,0,1,0,0,0,0,1,0,0,0,1,0,0,0,0
torkesp01,233,14,79,3,11,0,1,1,52,0,12,0,3,44,3,0,0,13,94,80,43,1,14,18,15,45,141
toroab01,152,16,48,6,10,0,0,0,18,0,1,0,17,20,2,1,0,31,77,45,18,0,24,10,7,35,76
torregl01,452,33,135,5,25,0,1,1,92,0,13,0,0,96,10,0,1,40,190,155,75,0,46,39,35,89,243
torrelu01,127,9,52,1,10,0,0,0,18,0,5,0,19,24,0,0,0,8,49,44,19,0,8,5,10,41,63
torrero01,88,8,26,0,7,0,0,0,20,0,2,0,0,13,4,0,0,9,39,35,9,0,16,17,11,13,31
tovarez01,169,14,43,4,6,0,0,0,33,0,5,0,14,43,2,0,0,19,90,59,13,0,17,11,10,40,91
tovarwi01,3,0,1,0,0,0,0,0,1,0,0,0,2,1,0,0,0,0,1,2,0,0,0,0,2,0,1
trammta01,51,4,25,2,3,0,1,0,4,0,0,0,11,6,0,1,0,5,18,22,7,0,6,11,2,6,26
travisa01,1,0,0,0,0,0,0,0,1,0,0,0,1,0,0,0,0,0,0,1,0,0,0,0,0,1,0
trejoal01,99,9,25,1,5,0,1,0,21,0,4,0,10,20,0,0,0,13,47,30,12,0,7,15,7,20,50
trevijo01,191,11,60,3,19,0,0,1,20,0,12,0,8,39,7,1,0,19,94,56,17,1,18,18,17,39,99
triolja01,63,3,18,0,6,0,0,0,18,0,4,0,1,8,0,0,0,6,24,23,13,0,2,9,6,11,35
trompch01,11,1,4,0,2,0,0,0,3,0,0,0,5,0,0,0,0,1,3,5,2,0,1,3,0,2,5
troutmi01,252,20,94,1,7,0,0,1,49,0,10,0,12,45,1,0,0,25,101,92,45,2,18,22,11,40,161
tsutsyo01,83,7,28,1,8,0,0,1,15,0,0,0,13,13,1,0,1,8,32,29,14,0,18,2,10,19,34
tuckeco01,52,1,17,1,2,0,0,0,10,0,1,0,3,7,1,0,1,11,27,17,7,0,6,4,3,15,24
tuckeky01,495,34,186,10,35,0,0,2,78,0,17,0,12,65,10,0,1,57,182,186,75,3,44,42,45,111,253
tuckepr01,0,0,0,0,0,0,0,0,0,0,0,0,1,0,0,0,0,0,0,0,0,0,0,0,0,0,0
turanbr02,93,9,28,3,9,0,0,0,19,0,1,0,14,13,1,0,0,12,36,43,8,1,14,15,10,13,41
turneju01,450,36,135,10,27,0,0,1,92,0,12,0,14,77,10,0,3,47,195,166,60,0,42,25,38,107,238
turnetr01,607,44,161,10,43,0,0,2,129,0,17,1,11,118,11,0,2,72,274,192,93,3,69,65,52,121,300
ucetaed01,1,0,0,0,0,0,0,0,0,0,0,0,0,1,0,0,0,0,1,0,0,0,1,0,0,0,0
uptonju01,76,3,18,0,4,0,0,0,19,0,1,0,11,18,1,0,1,11,33,24,12,0,5,6,8,12,45
urenari01,5,2,1,0,1,0,0,0,0,0,0,0,2,0,0,0,0,1,3,0,1,0,2,0,0,1,2
uriasju01,13,0,4,1,1,0,0,0,1,0,0,0,0,4,0,0,0,2,5,6,0,0,3,2,1,3,4
uriaslu01,251,18,85,4,10,0,1,0,56,0,8,0,12,43,5,0,0,21,106,83,49,1,22,26,27,65,111
uriasra01,274,22,69,1,11,0,0,2,83,0,6,0,13,55,4,0,2,20,114,107,37,0,25,29,19,70,131
urquijo01,1,0,0,0,0,0,0,0,1,0,0,0,0,0,0,0,0,0,0,1,0,0,0,0,0,1,0
urshegi01,338,33,100,4,23,0,0,1,48,0,13,0,8,69,6,0,4,39,157,112,39,1,44,34,35,66,159
valaipa01,53,9,15,0,1,0,0,0,10,0,2,0,6,10,0,0,0,6,21,18,8,0,3,6,2,14,28
valdeen01,44,5,11,3,2,0,0,0,6,0,1,0,1,6,4,0,0,6,21,16,2,0,6,5,4,10,19
valerbr01,26,3,8,0,2,0,0,0,5,0,1,0,0,4,1,0,0,2,9,9,4,0,6,2,3,4,11
vanmejo01,94,8,43,1,7,0,0,0,15,0,1,0,8,10,0,0,0,9,28,51,13,0,10,9,5,21,49
vargail01,139,12,51,1,10,0,0,0,27,0,1,0,19,17,0,0,0,20,51,58,23,0,20,20,6,33,60
vargami01,61,8,11,1,6,0,1,0,13,0,4,0,7,11,1,0,0,5,30,19,6,0,7,3,7,14,30
varshda01,325,37,100,12,20,0,0,2,55,0,9,0,2,44,4,0,1,43,140,114,45,2,41,32,28,56,168
vaughan01,388,33,117,5,19,0,0,1,86,0,15,0,25,69,6,0,2,36,165,132,60,3,33,38,33,82,202
vavrate01,40,1,18,1,2,0,0,0,9,0,0,0,5,5,2,0,0,2,15,15,9,0,8,2,2,7,21
vazquch01,318,38,106,5,17,0,0,2,58,0,14,0,7,48,3,0,1,26,140,97,60,1,35,36,26,70,151
velasvi01,2,0,0,0,1,0,0,0,0,0,0,0,0,1,0,0,0,0,1,0,0,0,0,0,0,0,2
velazan01,90,6,41,0,5,0,1,1,10,0,2,0,12,13,0,0,0,11,37,42,5,0,11,14,6,16,43
velazne01,77,8,22,2,2,0,0,2,20,0,3,0,5,12,0,0,0,6,29,28,14,2,7,2,10,13,45
verdual01,486,48,182,6,28,0,1,1,73,0,12,0,12,52,7,0,2,75,195,174,86,1,54,42,41,109,240
vientma01,60,6,14,1,7,0,0,0,13,0,2,0,3,14,0,0,0,3,28,16,7,2,3,4,3,13,37
vierlma01,249,17,70,4,16,0,0,0,46,0,12,0,2,49,1,0,1,33,118,93,21,0,18,33,23,57,118
viladry01,9,2,5,0,0,0,0,0,1,0,0,0,5,1,0,0,0,0,2,2,5,0,2,2,0,1,4
villada01,55,5,23,0,6,0,0,1,10,0,3,0,8,6,1,0,0,0,21,24,7,0,6,3,5,10,31
villajo01,155,11,53,0,10,0,0,1,26,0,1,0,3,20,6,0,0,27,60,60,18,1,20,19,16,29,71
vilorme01,10,0,4,0,1,0,0,0,2,0,0,0,3,1,1,0,0,1,6,4,0,0,2,0,2,2,4
vogelda01,215,18,75,5,15,0,0,0,44,0,3,0,8,18,4,0,0,33,82,82,39,0,21,13,14,50,117
vogtst01,69,8,28,1,0,0,0,0,11,0,0,0,4,12,3,0,0,6,26,26,14,0,4,3,8,15,39
voitlu01,186,10,65,2,11,0,0,2,30,0,3,0,11,45,2,0,0,16,77,69,28,1,10,11,13,36,116
volpean01,131,7,46,3,3,0,0,0,30,0,7,0,0,17,2,0,1,15,54,45,26,1,17,10,9,25,70
vosleja01,54,3,14,0,1,0,0,1,15,0,0,0,12,7,2,0,0,11,22,22,6,0,5,2,2,11,34
vothau01,1,0,1,0,0,0,0,0,0,0,0,0,0,0,0,0,0,0,0,1,0,0,1,0,0,0,0
vottojo01,231,21,76,5,21,0,1,0,53,0,3,0,14,23,6,0,1,21,81,85,38,0,20,17,13,45,136
wadela01,249,23,89,3,23,0,0,1,43,0,4,0,13,24,4,1,0,34,91,100,41,1,24,22,16,50,137
wadety01,88,6,45,1,5,0,0,0,6,0,1,0,18,14,4,0,0,6,31,34,17,1,17,16,13,12,30
wainwad01,7,1,5,0,0,0,0,0,0,0,0,0,0,0,0,0,0,1,2,5,0,0,0,3,1,1,2
walkech02,434,36,114,3,23,0,0,1,115,0,11,0,9,68,8,0,0,55,190,151,65,3,42,32,38,81,241
walkejo02,124,7,33,2,6,0,0,0,23,0,6,0,1,37,1,0,1,9,56,35,21,0,9,12,15,27,61
walkest01,2,0,0,0,0,0,0,0,1,0,0,0,2,0,0,0,0,1,1,0,1,0,0,0,0,0,2
walketa01,5,0,1,0,0,0,0,0,2,0,0,0,0,2,0,0,0,0,2,2,0,0,1,0,0,2,2
wallach01,50,8,18,1,1,0,0,0,11,0,1,0,4,6,0,0,1,3,18,24,6,0,4,5,3,10,28
wallfo01,14,1,7,0,0,0,0,1,3,0,0,0,6,1,0,0,0,1,6,6,1,0,4,1,2,1,6
wallnma01,69,6,17,2,4,0,0,4,9,0,0,0,3,14,0,0,0,13,30,18,10,0,6,5,6,14,38
wallsta01,172,13,67,3,5,1,0,2,25,0,1,0,7,18,2,0,0,36,75,63,23,1,24,16,15,37,80
walshja01,264,20,102,3,21,0,0,1,38,0,4,0,18,31,7,0,0,37,102,102,38,1,25,27,22,59,131
waltodo01,25,1,9,1,2,0,0,0,4,0,0,0,5,3,1,0,0,4,8,11,4,0,1,3,4,4,13
wardta01,294,28,94,2,15,0,1,0,49,0,11,0,19,53,6,0,0,35,134,106,34,0,16,32,21,72,153
waterdr01,92,7,31,3,4,0,0,0,16,0,2,0,2,13,1,0,2,13,38,34,15,0,8,6,1,24,53
weathry01,4,0,1,0,0,0,0,0,2,0,0,0,0,1,0,0,0,0,4,0,0,0,0,0,1,2,1
weavelu01,2,0,2,0,0,0,0,0,0,0,0,0,0,0,0,0,0,0,0,2,0,0,0,0,0,1,1
webblo01,6,0,3,0,0,0,0,0,0,0,0,0,0,2,0,0,0,1,3,3,0,0,2,0,0,1,3
welkeco01,13,0,7,0,1,0,0,0,0,0,0,0,8,4,0,0,0,1,5,6,1,0,2,1,0,2,8
wellsau01,23,1,9,4,1,0,0,0,4,0,1,0,2,1,0,0,0,2,10,6,6,0,2,0,2,6,13
wendljo01,295,31,100,4,30,0,1,0,48,0,7,0,9,39,2,0,0,33,119,108,42,2,49,41,28,67,110
westbjo01,67,5,21,1,3,0,0,0,10,0,3,0,11,14,0,0,2,8,33,23,6,1,5,3,4,19,36
wheelza01,11,1,7,0,0,0,0,0,1,0,0,0,0,2,0,0,0,0,3,4,3,0,1,2,2,1,5
whiteel04,60,5,17,0,1,0,0,0,17,0,0,0,12,11,0,0,0,9,27,22,4,0,10,6,5,10,29
whiteev01,15,0,5,2,2,0,0,0,1,0,0,0,7,2,0,0,0,3,7,6,1,0,0,0,0,7,8
whitety01,3,0,2,0,0,0,0,0,0,0,1,0,3,0,0,0,0,0,1,2,0,0,1,0,0,0,2
whitlga01,1,0,0,0,0,0,0,0,1,0,0,0,0,0,0,0,0,0,0,1,0,0,0,0,0,0,1
widenta01,3,1,1,0,0,0,0,0,1,0,0,0,0,0,0,0,0,0,1,2,0,0,1,0,1,0,1
wieckbr01,0,0,0,0,0,0,0,0,0,0,0,0,1,0,0,0,0,0,0,0,0,0,0,0,0,0,0
wiemejo01,75,6,22,1,7,0,0,1,11,0,2,0,9,13,3,0,1,8,34,25,9,0,7,10,9,12,37
wilkest01,13,1,5,0,0,0,0,0,5,0,1,0,3,0,0,0,1,0,4,7,2,0,2,2,2,3,4
willial04,25,0,7,0,3,0,0,0,6,0,2,0,0,4,1,0,0,2,12,7,3,0,1,6,5,4,9
williju02,27,4,10,0,2,0,0,0,7,0,0,0,0,2,0,0,0,2,5,13,7,0,1,3,1,3,19
willilu01,62,3,20,1,3,0,0,0,13,0,0,0,5,12,2,0,0,8,29,20,8,2,7,8,8,16,23
willima10,7,0,1,1,1,0,0,0,2,0,0,0,0,2,0,0,0,0,3,3,0,0,2,1,0,1,3
willini01,2,0,1,0,0,0,0,0,0,0,0,0,6,0,0,0,0,1,1,1,0,0,0,0,0,0,2
willitr01,5,0,1,0,0,0,0,0,0,0,0,0,0,3,0,0,0,1,3,1,0,0,0,3,0,1,1
wilsobr02,1,0,1,0,0,0,0,0,0,0,0,0,0,0,0,0,0,0,0,1,0,0,0,0,0,0,1
wilsoco01,0,0,0,0,0,0,0,0,0,0,0,0,2,0,0,0,0,0,0,0,0,0,0,0,0,0,0
wilsoja04,4,0,3,0,0,0,0,0,0,0,0,0,1,0,0,0,0,1,1,2,1,0,1,0,1,1,1
wilsoma02,1,0,0,0,0,0,0,0,0,0,0,0,1,0,0,0,0,1,1,0,0,0,0,0,0,0,1
wilsowe01,9,0,5,0,1,0,0,0,3,0,0,0,2,0,0,0,0,0,3,5,1,0,0,1,2,3,3
winkeje01,273,20,97,7,20,0,0,0,43,1,5,0,15,40,2,0,0,38,113,103,33,1,24,10,27,53,159
winnma01,32,4,6,0,2,0,0,0,10,0,1,0,5,6,0,1,0,4,14,12,4,0,3,5,2,7,15
wisdopa01,230,17,56,3,12,0,0,4,50,0,7,0,21,41,2,0,0,38,104,64,39,0,17,21,8,42,142
wiselbr01,24,1,11,1,1,0,0,0,5,0,0,0,3,3,0,0,0,2,8,10,5,0,3,4,2,4,11
wittbo02,333,31,99,5,20,0,0,1,57,0,15,0,22,62,6,0,0,39,154,110,44,1,45,21,26,60,181
wolteto01,8,1,5,0,0,0,0,0,0,0,0,0,3,2,0,0,0,0,2,4,2,0,1,1,1,1,4
wongco01,106,7,33,1,3,0,1,0,21,0,5,0,7,24,1,0,2,8,43,41,15,0,14,8,5,23,56
wongke01,10,0,6,0,0,0,0,0,3,0,0,0,7,1,0,0,0,0,2,7,1,0,2,1,0,3,4
wongko01,273,26,114,10,12,0,0,0,47,0,4,0,25,27,3,0,0,30,96,108,48,1,32,33,18,75,115
woodfja01,2,0,1,0,0,0,0,0,1,0,0,0,0,0,0,0,0,0,1,0,1,0,0,0,0,0,2
woodrbr01,6,1,4,0,0,0,0,0,1,0,0,0,0,0,0,0,0,0,3,3,0,0,0,0,2,2,2
wrighky01,1,0,0,0,0,0,0,0,1,0,0,0,0,0,0,0,0,0,1,0,0,0,0,0,0,1,0
wynnsau01,93,8,40,0,2,0,0,1,17,0,3,0,2,12,2,0,0,8,37,39,12,0,15,7,6,15,50
yamamjo01,1,0,0,0,0,0,0,0,0,0,0,0,0,1,0,0,0,0,1,0,0,0,0,0,0,0,1
yastrmi01,286,22,100,6,28,1,0,0,50,2,4,0,19,24,6,0,1,42,108,102,49,1,26,24,24,64,148
yelicch01,411,32,158,6,19,0,0,0,78,0,5,0,24,56,7,0,0,50,152,171,65,1,49,34,32,95,201
yepezju01,85,10,20,0,4,0,0,0,19,0,2,0,8,21,2,0,0,7,43,25,13,1,8,5,16,12,44
ynoahu01,7,0,2,0,2,0,0,0,2,0,0,0,0,1,0,0,0,0,2,3,0,0,2,0,0,0,5
yoshima02,161,5,70,4,11,0,2,0,29,1,3,0,7,15,3,0,0,18,54,67,26,0,13,21,11,33,83
youngan02,19,1,8,0,1,0,0,0,1,0,0,0,3,4,0,0,0,4,7,6,3,0,1,4,2,1,11
youngja02,13,2,3,1,0,0,0,0,5,0,0,0,6,0,0,0,0,2,6,3,4,0,5,0,0,1,7
youngja03,28,3,7,0,1,0,0,0,6,0,3,0,4,6,1,0,0,1,8,7,9,0,6,3,5,6,8
zavalse01,95,5,25,1,11,0,0,2,12,0,7,0,15,19,4,0,0,9,49,23,10,1,12,7,11,20,45
zimmebr01,82,5,36,1,4,0,0,0,17,0,0,0,13,11,1,0,0,7,26,39,12,0,12,13,9,11,37
zimmery01,65,4,16,0,5,0,0,0,17,0,2,0,6,10,2,0,0,9,27,22,9,0,8,7,7,12,31
zuninmi01,115,8,34,1,4,0,0,0,25,0,2,0,9,25,2,0,1,13,44,44,14,0,15,10,8,14,68
